element_type,osmid,nodes,landuse,geometry,store,amenity,compressed_air,name,source,access,fee,parking,covered,alt_name,historic,old_name,operator,studio,wikipedia,addr:city,addr:housenumber,addr:state,addr:street,website,official_name,brand,brand:wikidata,shop,tourism,addr:postcode,phone,description
way,1166085310,"[10845879307, 10845879308, 10845879309, 10845879310, 10845879311, 10845879312, 10845879313, 10845858732, 10845858733, 10845858793, 10845858794, 10845858795, 10845858796, 10845858797, 10845858798, 10845879307]",commercial,"POLYGON ((-118.1005842 33.9859005, -118.1009461 33.9854583, -118.0984775 33.9841155, -118.0972167 33.9834232, -118.0971534 33.9834252, -118.0970949 33.9834555, -118.0958925 33.9849955, -118.0963869 33.9852697, -118.0967691 33.9854897, -118.0970353 33.9855853, -118.0972231 33.9853802, -118.0980842 33.9857903, -118.0986064 33.9851979, -118.0989819 33.9854068, -118.0991835 33.9851751, -118.1005842 33.9859005))","Walmart Supercenter, 8500 Washington Blvd, Pico Rivera",,,,,,,,,,,,,,,,,,,,,,,,,,,
way,402824611,"[4052362056, 4311196771, 4052362057, 4052362062, 4052362064, 4052362076, 4052362056]",commercial,"POLYGON ((-118.4499377 34.2158665, -118.4498304 34.2158669, -118.4489488 34.215871, -118.4489499 34.2159268, -118.4489479 34.2161447, -118.4499382 34.2161464, -118.4499377 34.2158665))","Walmart, 8333 Van Nuys Blvd, Panorama City",,,,,,,,,,,,,,,,,,,,,,,,,,,
way,1007196557,"[9291966582, 9291966583, 9291966584, 9291966585, 9291966586, 9291966587, 9291966582]",commercial,"POLYGON ((-118.4606213 34.2219891, -118.4606212 34.222312, -118.4605991 34.222312, -118.4599965 34.2223525, -118.4599349 34.2219996, -118.4600526 34.2219912, -118.4606213 34.2219891))","Walmart, 8333 Van Nuys Blvd, Panorama City",,,,,,,,,,,,,,,,,,,,,,,,,,,
way,1079912492,"[9898780424, 9898780429, 9898780426, 9898780427, 9898780428, 9898780425, 9898780424]",commercial,"POLYGON ((-118.4479728 34.224664, -118.4468529 34.2246771, -118.4468493 34.224306, -118.4472865 34.2243075, -118.4473125 34.2243037, -118.4479713 34.2242996, -118.4479728 34.224664))","Walmart, 8333 Van Nuys Blvd, Panorama City",,,,,,,,,,,,,,,,,,,,,,,,,,,
way,1079912493,"[9898780441, 9898780450, 9898780451, 9898780452, 9898780453, 9898780454, 9898780455, 9898780456, 9898780435, 9898780436, 9898780437, 9898780438, 9898780441]",commercial,"POLYGON ((-118.4465435 34.2217354, -118.446121 34.2217397, -118.4461035 34.2217417, -118.446085 34.2217454, -118.4460738 34.221751, -118.4460655 34.2217627, -118.4460596 34.2217756, -118.4460572 34.2217877, -118.4460602 34.2221476, -118.4464701 34.2221472, -118.4464689 34.2220521, -118.446532 34.2220514, -118.4465435 34.2217354))","Walmart, 8333 Van Nuys Blvd, Panorama City",,,,,,,,,,,,,,,,,,,,,,,,,,,
way,1074690475,"[9857088896, 6110406578, 6110406572, 9857088897, 9857088898, 9857088899, 9857088900, 9857088901, 9857088902, 9857088903, 9857088904, 9857088896]",commercial,"POLYGON ((-118.5534046 34.2348752, -118.5528312 34.2348715, -118.552835 34.2353496, -118.5533517 34.2353494, -118.5533649 34.2353475, -118.5533766 34.2353422, -118.553388 34.2353347, -118.5533962 34.2353257, -118.553401 34.2353154, -118.5534035 34.2353072, -118.5534048 34.2352937, -118.5534046 34.2348752))","Target, 8840 Corbin Ave, Northridge",,,,,,,,,,,,,,,,,,,,,,,,,,,
way,1116420785,"[10211062100, 10211062101, 10211062102, 10211062103, 10853558452, 10211062104, 10211062100]",commercial,"POLYGON ((-118.5542864 34.2283744, -118.5542834 34.2288158, -118.5537484 34.2288126, -118.5537502 34.2284237, -118.5537614 34.2283864, -118.5538012 34.2283705, -118.5542864 34.2283744))","Target, 8840 Corbin Ave, Northridge",,,,,,,,,,,,,,,,,,,,,,,,,,,
way,1137206621,"[10600903855, 10600903856, 10861468727, 10600903857, 10861468728, 10600903858, 10600903855]",commercial,"POLYGON ((-118.5621593 34.2375568, -118.5621447 34.2356747, -118.5620906 34.235633, -118.5598822 34.2356318, -118.5599023 34.2358343, -118.5599296 34.2375771, -118.5621593 34.2375568))","Target, 8840 Corbin Ave, Northridge",,,,,,,,,,,,,,,,,,,,,,,,,,,
way,1074690475,"[9857088896, 6110406578, 6110406572, 9857088897, 9857088898, 9857088899, 9857088900, 9857088901, 9857088902, 9857088903, 9857088904, 9857088896]",commercial,"POLYGON ((-118.5534046 34.2348752, -118.5528312 34.2348715, -118.552835 34.2353496, -118.5533517 34.2353494, -118.5533649 34.2353475, -118.5533766 34.2353422, -118.553388 34.2353347, -118.5533962 34.2353257, -118.553401 34.2353154, -118.5534035 34.2353072, -118.5534048 34.2352937, -118.5534046 34.2348752))","Kohl's, 8800 Corbin Ave, Northridge",,,,,,,,,,,,,,,,,,,,,,,,,,,
way,1116420785,"[10211062100, 10211062101, 10211062102, 10211062103, 10853558452, 10211062104, 10211062100]",commercial,"POLYGON ((-118.5542864 34.2283744, -118.5542834 34.2288158, -118.5537484 34.2288126, -118.5537502 34.2284237, -118.5537614 34.2283864, -118.5538012 34.2283705, -118.5542864 34.2283744))","Kohl's, 8800 Corbin Ave, Northridge",,,,,,,,,,,,,,,,,,,,,,,,,,,
way,1137206621,"[10600903855, 10600903856, 10861468727, 10600903857, 10861468728, 10600903858, 10600903855]",commercial,"POLYGON ((-118.5621593 34.2375568, -118.5621447 34.2356747, -118.5620906 34.235633, -118.5598822 34.2356318, -118.5599023 34.2358343, -118.5599296 34.2375771, -118.5621593 34.2375568))","Kohl's, 8800 Corbin Ave, Northridge",,,,,,,,,,,,,,,,,,,,,,,,,,,
way,312206757,"[3180508340, 3180508341, 3180508342, 3180508352, 3180508353, 3180508358, 3180508359, 3180510089, 3180510090, 3180510086, 3180510085, 3180508340]",commercial,"POLYGON ((-118.3696168 34.1940628, -118.3701113 34.1940628, -118.3701259 34.1940636, -118.3701406 34.1940697, -118.3701542 34.1940809, -118.3701615 34.1940939, -118.3701625 34.1941112, -118.3701625 34.194464, -118.3698667 34.1944648, -118.3698635 34.1944233, -118.3696189 34.1944233, -118.3696168 34.1940628))","Target, 11051 Victory Blvd, North Hollywood",fuel,yes,Arco,bing,,,,,,,,,,,,,,,,,,,,,,,
way,1110904366,"[10164081692, 10164081693, 10164081694, 10164081695, 10164081692]",commercial,"POLYGON ((-118.3680381 34.1806892, -118.3680328 34.179511, -118.3665093 34.1795176, -118.3679282 34.1807048, -118.3680381 34.1806892))","Target, 11051 Victory Blvd, North Hollywood",,,,,,,,,,,,,,,,,,,,,,,,,,,
way,1111200908,"[10167729624, 10167729625, 10167729626, 10167729627, 10167729628, 10167729629, 10167729630, 10167729624]",commercial,"POLYGON ((-118.3701373 34.1938592, -118.3701958 34.1938196, -118.3701938 34.1934405, -118.3698221 34.1934418, -118.3698228 34.1935904, -118.3697542 34.1935907, -118.3697556 34.1938605, -118.3701373 34.1938592))","Target, 11051 Victory Blvd, North Hollywood",,,,,,,,,,,,,,,,,,,,,,,,,,,
way,39929053,"[1901520752, 936119319, 936119320, 936119321, 479415311, 479415315, 479415319, 479415322, 494574477, 1901520752]",commercial,"POLYGON ((-118.1482631 34.0858345, -118.1482339 34.0841199, -118.1517934 34.0841187, -118.1518233 34.0857141, -118.1511331 34.0856974, -118.1511331 34.0858111, -118.1503606 34.0858137, -118.149013 34.0858182, -118.1482973 34.0858283, -118.1482631 34.0858345))","Kohl's, 1201 S Fremont Ave, Alhambra",,,,,,,,,,,,,,,,,,,,,,,,,,,
way,402079594,"[4045149688, 4045149672, 4045149589, 4045149590, 4045149544, 4045149543, 4045149579, 4045149681, 4045149682, 4045149687, 4045149688]",commercial,"POLYGON ((-118.3040015 34.0985176, -118.3040471 34.0984832, -118.3040451 34.0983794, -118.3040511 34.0983794, -118.3040498 34.0982583, -118.304202 34.0982579, -118.3042688 34.0983127, -118.3042703 34.0985077, -118.3040558 34.0985082, -118.3040572 34.0985165, -118.3040015 34.0985176))","Target, 5500 W Sunset Blvd, Los Angeles",parking,,,2014 LARIAC,,,,,,,,,,,,,,,,,,,,,,,
way,402079596,"[4045149677, 4045149547, 4045149552, 4045149568, 4045149569, 4045149581, 4045149577, 4045149585, 4045149792, 4045149791, 4045149678, 4045149677]",commercial,"POLYGON ((-118.3028602 34.0984843, -118.3028615 34.0982572, -118.303062 34.0982594, -118.3030627 34.0982822, -118.3030734 34.0982822, -118.3030747 34.0983083, -118.3031438 34.0983061, -118.3031445 34.0983521, -118.3031456 34.0985181, -118.3029219 34.0985154, -118.3029185 34.0984849, -118.3028602 34.0984843))","Target, 5500 W Sunset Blvd, Los Angeles",parking,,,2014 LARIAC,,,,,,,,,,,,,,,,,,,,,,,
way,402079598,"[4045150105, 4045150107, 4045150106, 4045150108, 4045150090, 4045150091, 4045150079, 4045150080, 4045150083, 4045150084, 4045150075, 4045150076, 4045150094, 4045150095, 4045150097, 4045150105]",commercial,"POLYGON ((-118.3020257 34.1016166, -118.301844 34.101617, -118.3018209 34.101617, -118.301631 34.1016174, -118.3016315 34.1015466, -118.3016954 34.1015468, -118.3016957 34.1015051, -118.3017311 34.1015053, -118.3017311 34.1015096, -118.3017713 34.1015097, -118.3017713 34.1014999, -118.3019998 34.1015008, -118.3019995 34.101559, -118.3020748 34.1015593, -118.3020749 34.1015754, -118.3020257 34.1016166))","Target, 5500 W Sunset Blvd, Los Angeles",parking,,,2014 LARIAC,customers,no,surface,,,,,,,,,,,,,,,,,,,,
way,402079599,"[4045149797, 4045149816, 4045149819, 4045149818, 4045149837, 4045149839, 4045149838, 4045149836, 4045149835, 4045149551, 4045149550, 4045149549, 4045149548, 4045149669, 4045149673, 4045149799, 4045149797]",commercial,"POLYGON ((-118.301868 34.0985329, -118.3018681 34.098549, -118.3018681 34.0985518, -118.3018546 34.0985518, -118.3018513 34.0986506, -118.3016092 34.0986523, -118.3015455 34.0986523, -118.3015455 34.0986212, -118.301508 34.0986212, -118.3015053 34.0982588, -118.3015375 34.0982587, -118.3017018 34.0982583, -118.3018654 34.098258, -118.301866 34.0984768, -118.3018359 34.0984779, -118.3018365 34.098533, -118.301868 34.0985329))","Target, 5500 W Sunset Blvd, Los Angeles",parking,,,2014 LARIAC,,,,no,,,,,,,,,,,,,,,,,,,
way,402079602,"[4045149680, 4045149583, 4045149582, 4045149574, 4045149575, 4045149561, 4045149558, 4045149600, 4045149599, 4045149562, 4045149559, 4045149560, 4045149556, 4045149555, 4045149578, 4045149598, 4045149801, 4045149802, 4045149803, 4045149790, 4045149789, 4045149804, 4045149806, 4045149686, 4045149685, 4045149684, 4045149683, 4045149592, 4045149591, 4045149617, 4045149619, 4045149807, 4045149809, 4045149680]",commercial,"POLYGON ((-118.298425 34.0985013, -118.2984278 34.0983146, -118.2984539 34.0983141, -118.2984539 34.0982913, -118.2984901 34.0982919, -118.2984901 34.0982696, -118.2986142 34.098268, -118.2986162 34.0984057, -118.2986953 34.0984051, -118.2986933 34.0982703, -118.2988725 34.0982687, -118.2988746 34.0982687, -118.2992407 34.0982655, -118.2992714 34.0982654, -118.2993212 34.0983064, -118.2993217 34.0984026, -118.2993225 34.0985398, -118.2992703 34.0985402, -118.2991585 34.0985405, -118.2991595 34.0985134, -118.2991243 34.0985131, -118.2991247 34.0985406, -118.2989221 34.0985413, -118.2989208 34.0985095, -118.2988806 34.0985095, -118.2988739 34.0985092, -118.2988729 34.0985092, -118.2988711 34.0983796, -118.2988073 34.0983796, -118.2988033 34.0984284, -118.298588 34.098429, -118.298588 34.0985424, -118.2984253 34.098543, -118.298425 34.0985013))","Target, 5500 W Sunset Blvd, Los Angeles",parking,,,2014 LARIAC,,,,,,,,,,,,,,,,,,,,,,,
way,402079603,"[4045150037, 4045150036, 4045150103, 4045150104, 4045150037]",commercial,"POLYGON ((-118.3035967 34.1012278, -118.3037381 34.1012267, -118.3037394 34.1016132, -118.3036004 34.1016135, -118.3035967 34.1012278))","Target, 5500 W Sunset Blvd, Los Angeles",parking,,,2014 LARIAC,private,,surface,,,,,,,,,,,,,,,,,,,,
way,402079604,"[4045149546, 4045149545, 4045149586, 4045149587, 4045149546]",commercial,"POLYGON ((-118.3033456 34.0982563, -118.3037982 34.0982546, -118.3037975 34.0983673, -118.3033462 34.0983718, -118.3033456 34.0982563))","Target, 5500 W Sunset Blvd, Los Angeles",parking,,,2014 LARIAC,,,,,,,,,,,,,,,,,,,,,,,
way,402079607,"[4045150111, 4045150038, 4045150039, 4045150056, 4045150055, 4045150109, 4045150111]",commercial,"POLYGON ((-118.3012364 34.1016182, -118.3012358 34.101244, -118.3014289 34.1012451, -118.3014289 34.1013628, -118.3014477 34.1013622, -118.3014477 34.1016178, -118.3012364 34.1016182))","Target, 5500 W Sunset Blvd, Los Angeles",parking,,,2014 LARIAC,customers,no,surface,,,,,,,,,,,,,,,,,,,,
way,402080674,"[4045157143, 4045157145, 4045157151, 4045157157, 4045157158, 4045157197, 4045157199, 4045157200, 4045157194, 4045157154, 4045157144, 4045157143]",commercial,"POLYGON ((-118.3064431 34.1012927, -118.3064452 34.1013204, -118.3064454 34.1013597, -118.3064415 34.1014423, -118.3061676 34.1014437, -118.3061697 34.1016047, -118.3061358 34.1016055, -118.3059719 34.1016061, -118.3059718 34.1015946, -118.3059716 34.1014319, -118.3059714 34.1012982, -118.3064431 34.1012927))","Target, 5500 W Sunset Blvd, Los Angeles",parking,,,2014 LARIAC,,,,,,,,,,,,,,,,,,,,,,,
way,402080675,"[4045157196, 4045157157, 4045157151, 4045157150, 4045157152, 4045157153, 4045157156, 4045157155, 4045157165, 4045157166, 4045157163, 4045157164, 4045157168, 4045157169, 4045157185, 4045157184, 4045157195, 4045157196]",commercial,"POLYGON ((-118.3064427 34.1016087, -118.3064415 34.1014423, -118.3064454 34.1013597, -118.3066798 34.1013605, -118.30668 34.1013949, -118.3066639 34.1013951, -118.3066645 34.1014323, -118.3066802 34.1014321, -118.3066804 34.1014688, -118.3066623 34.101469, -118.3066621 34.1014581, -118.3065753 34.1014591, -118.3065755 34.1014718, -118.3065603 34.101472, -118.3065616 34.1015433, -118.3065699 34.1015432, -118.306571 34.1016041, -118.3064427 34.1016087))","Target, 5500 W Sunset Blvd, Los Angeles",parking,,,2014 LARIAC,customers,no,surface,,,,,,,,,,,,,,,,,,,,
way,402080676,"[4045157092, 4045157105, 4045157104, 4045157098, 4045157097, 4045157101, 4045157102, 4045157099, 4045157100, 4045157096, 4045157095, 4045157106, 4045157103, 4045157094, 4045157093, 4045157089, 4045157088, 4045157087, 4045157086, 4045157085, 4045157091, 4045157090, 4045157092]",commercial,"POLYGON ((-118.3091054 34.0995902, -118.3091058 34.0996524, -118.3090949 34.0996524, -118.3090882 34.0996374, -118.3090734 34.0996368, -118.3090681 34.0996507, -118.3089145 34.0996521, -118.3089145 34.0996485, -118.3088716 34.0996488, -118.3088602 34.0996366, -118.3088471 34.0996366, -118.3088341 34.0996532, -118.3087348 34.0996524, -118.3087355 34.0995996, -118.308651 34.0995991, -118.308649 34.0994497, -118.3087241 34.0994486, -118.3087234 34.0994242, -118.3088336 34.0994235, -118.3089098 34.0994231, -118.3089071 34.0995358, -118.3091051 34.0995341, -118.3091054 34.0995902))","Target, 5500 W Sunset Blvd, Los Angeles",parking,,,2014 LARIAC,,,,,,,,,,,,,,,,,,,,,,,
way,402080677,"[4045156561, 4045156539, 4045156538, 4045156537, 4045156560, 4045156559, 4045156556, 4045156557, 4045156558, 4045156561]",commercial,"POLYGON ((-118.3063639 34.0954108, -118.306368 34.0952809, -118.3064935 34.0952808, -118.3069285 34.0952807, -118.3069296 34.0954069, -118.3066764 34.0954053, -118.3066751 34.0953847, -118.3066389 34.0953864, -118.3066382 34.0954053, -118.3063639 34.0954108))","Target, 5500 W Sunset Blvd, Los Angeles",parking,,,2014 LARIAC,,,,,,,,,,,,,,,,,,,,,,,
way,402081016,"[4045159749, 4045159752, 4045159754, 4045159755, 4045159756, 4045159757, 4045159758, 4045159753, 4045159751, 4045159738, 4045159737, 4045159748, 4045159747, 4045159750, 4045159749]",commercial,"POLYGON ((-118.3053712 34.0915142, -118.3053737 34.091802, -118.305374 34.0918644, -118.3052091 34.0918654, -118.305044 34.0918663, -118.3048788 34.0918673, -118.3047496 34.091868, -118.304732 34.0917944, -118.3047334 34.0916033, -118.3047306 34.0909204, -118.3048909 34.0909147, -118.3048882 34.0914692, -118.3052613 34.0914597, -118.3053729 34.091462, -118.3053712 34.0915142))","Target, 5500 W Sunset Blvd, Los Angeles",parking,,,2014 LARIAC,,,,,,,,,,,,,,,,,,,,,,,
way,402081017,"[4045159742, 4045159745, 4045159746, 4045159743, 4045159744, 4045159739, 9350130984, 4045159741, 4045159742]",commercial,"POLYGON ((-118.3057081 34.0912057, -118.3057126 34.0914107, -118.3056063 34.0914117, -118.3056085 34.0913864, -118.3055597 34.0913875, -118.3055636 34.0912059, -118.3055772 34.0912053, -118.3055945 34.0912046, -118.3057081 34.0912057))","Target, 5500 W Sunset Blvd, Los Angeles",parking,,,2014 LARIAC,,,,,,,,,,,,,,,,,,,,,,,
way,908232075,"[8433224357, 8433224358, 8433224359, 8433224362, 8433224363, 8433224376, 8433224377, 8433224379, 757008943, 757008941, 282391668, 8433224378, 8433224364, 8433224365, 8433224366, 8433224367, 8433224360, 8433224357]",commercial,"POLYGON ((-118.3185391 34.0975748, -118.318537 34.0972784, -118.3181252 34.0972804, -118.3178799 34.0972816, -118.3178699 34.0958794, -118.3174476 34.0958814, -118.3174471 34.0957629, -118.317447 34.0957394, -118.3160982 34.0957438, -118.3160984 34.0957782, -118.3160985 34.0958085, -118.3160988 34.0958743, -118.3158576 34.0958756, -118.3158725 34.0979304, -118.3178817 34.0979205, -118.3178793 34.097578, -118.3181244 34.0975768, -118.3185391 34.0975748))","Target, 5500 W Sunset Blvd, Los Angeles",studio,,Sunset Bronson Studios,,,,,,Old Warner Brothers Studio,yes,KTLA Studios;Tribune Studios;Warner Brothers Studio,Hudson Pacific Properties,video,en:Old Warner Brothers Studio,,,,,,,,,,,,,
way,908238174,"[8433343507, 10135904011, 8433343508, 10135904010, 8433343509, 8433343510, 8433343507]",commercial,"POLYGON ((-118.3222056 34.0978947, -118.3206788 34.0979085, -118.3206706 34.0974769, -118.3202211 34.0974776, -118.3201899 34.0944868, -118.3221648 34.0944708, -118.3222056 34.0978947))","Target, 5500 W Sunset Blvd, Los Angeles",studio,,Sunset Gower Studios,,,,,,,,,Hudson Pacific Properties,video,en:Sunset Gower Studios,Los Angeles,1438,CA,Gower Street,https://www.hppsunsetstudios.com/,,,,,,,,
way,107754204,"[839550458, 1237856409, 1237856412, 1237856396, 1237856414, 1237856402, 1237856422, 1237856419, 1237856436, 1237856417, 1237856445, 1237856432, 839550543, 839550457, 839550458]",commercial,"POLYGON ((-118.257057 33.83916, -118.257072 33.8403635, -118.2570935 33.8405684, -118.2576085 33.8405863, -118.2576621 33.8409784, -118.257705 33.8412279, -118.2588745 33.843919, -118.2589174 33.8441507, -118.2565141 33.8441952, -118.2565141 33.8466012, -118.255173 33.8465833, -118.2535637 33.8466368, -118.2527746 33.8466617, -118.2527744 33.8391865, -118.257057 33.83916))","JCPenney, 20700 Avalon Blvd, Carson",,,,,,,,,,,,,,,,,,,,,,,,,,,
way,107754204,"[839550458, 1237856409, 1237856412, 1237856396, 1237856414, 1237856402, 1237856422, 1237856419, 1237856436, 1237856417, 1237856445, 1237856432, 839550543, 839550457, 839550458]",commercial,"POLYGON ((-118.257057 33.83916, -118.257072 33.8403635, -118.2570935 33.8405684, -118.2576085 33.8405863, -118.2576621 33.8409784, -118.257705 33.8412279, -118.2588745 33.843919, -118.2589174 33.8441507, -118.2565141 33.8441952, -118.2565141 33.8466012, -118.255173 33.8465833, -118.2535637 33.8466368, -118.2527746 33.8466617, -118.2527744 33.8391865, -118.257057 33.83916))","Target, 20700 Avalon Blvd Suite 700, Carson",,,,,,,,,,,,,,,,,,,,,,,,,,,
way,906438261,"[8388876993, 8388876994, 8388876983, 8388893610, 8388893611, 8417184053, 8417184054, 8417184055, 8417184056, 8388876993]",commercial,"POLYGON ((-118.3868478 34.0202736, -118.3871773 34.0204323, -118.3867481 34.0209036, -118.3866653 34.0209842, -118.3860162 34.0228894, -118.3789979 34.021993, -118.3789871 34.0217974, -118.3800439 34.0215662, -118.3862559 34.020588, -118.3868478 34.0202736))","Target, 3535 S La Cienega Blvd, Los Angeles",,,Hayden Industrial Tract,,,,,,Forty Acres;The Back Forty,,RKO Forty Acres,,,en:RKO Forty Acres,,,,,,,,,,,,,
way,906438262,"[8416416047, 8388905462, 8388905461, 8388905460, 8388905459, 8388905458, 8388905457, 8388905456, 8388905455, 8388905454, 8388905453, 8388905452, 9392877394, 9392877393, 8417184057, 8417184058, 8417184059, 8417184060, 8417184061, 8417184062, 8416416046, 8416416055, 8416416054, 8416416053, 8416416052, 8416416051, 8416416050, 8416416049, 8416416048, 8416416047]",commercial,"POLYGON ((-118.3812998 34.0224916, -118.383173 34.0226896, -118.3820344 34.0262753, -118.3825829 34.0263909, -118.3825575 34.0264643, -118.3829169 34.0265454, -118.3829424 34.0264765, -118.3833433 34.0265643, -118.3833621 34.0265187, -118.3838972 34.0266366, -118.3839583 34.0264553, -118.384345 34.0265388, -118.3841197 34.0272546, -118.3831681 34.027166, -118.3821801 34.0270731, -118.3770479 34.0265891, -118.3775629 34.0235458, -118.3776433 34.0232613, -118.3779679 34.0226899, -118.3785151 34.0221164, -118.3802498 34.0223619, -118.3801785 34.0227584, -118.3799917 34.0227353, -118.3799765 34.0228196, -118.379891 34.022809, -118.3798141 34.0232355, -118.3812667 34.0234152, -118.3813435 34.0229887, -118.3812133 34.0229726, -118.3812998 34.0224916))","Target, 3535 S La Cienega Blvd, Los Angeles",,,,,,,,,,,,,,,,,,,,,,,,,,,
way,917527267,"[8521743846, 8521743847, 8521743848, 8521743849, 8521743850, 8521743851, 8521743852, 8521743853, 8521743854, 8521743855, 8521743856, 6264889282, 373528295, 8465268157, 8465268158, 8465268159, 8465268160, 8521743857, 8521743858, 8521743859, 8521743860, 373528298, 373528304, 8521743832, 6264889283, 8521743846]",commercial,"POLYGON ((-118.3759591 34.0181169, -118.3759993 34.0186527, -118.3758518 34.0217272, -118.3761415 34.0217406, -118.3763453 34.0217139, -118.3765116 34.0216383, -118.3768603 34.0214205, -118.3772197 34.0212693, -118.3779117 34.0211226, -118.3788773 34.0209758, -118.3803364 34.0207357, -118.3813367 34.0205767, -118.380884 34.0200907, -118.3806277 34.0199253, -118.3805298 34.0199795, -118.3803098 34.0199618, -118.380232 34.0200574, -118.3793467 34.0197809, -118.3789015 34.0197409, -118.3789149 34.019323, -118.3795303 34.0192175, -118.3787757 34.0187301, -118.3779887 34.0180208, -118.3777777 34.0180361, -118.3775968 34.0180494, -118.3759591 34.0181169))","Target, 3535 S La Cienega Blvd, Los Angeles",,,,,,,,,,,,,,,,,,,,,,,,,,,
way,953199168,"[8822673731, 8822673732, 8822673733, 8822673734, 8822673735, 8822673736, 8822673737, 8822673738, 8822673739, 8822673746, 8822673740, 8822673741, 8822673742, 7597320897, 8822673743, 8822673744, 8822673745, 8822673731]",commercial,"POLYGON ((-118.3769324 34.0220696, -118.3769887 34.0221163, -118.3769619 34.0224876, -118.3768774 34.0228666, -118.3767352 34.0233056, -118.3766601 34.0236347, -118.3765595 34.0240982, -118.3764603 34.024685, -118.376243 34.0260533, -118.3762165 34.026055, -118.3761317 34.0264601, -118.3760419 34.026529, -118.3760057 34.0266046, -118.3722905 34.0262706, -118.3723967 34.0243127, -118.3744312 34.0243749, -118.374568 34.021964, -118.3769324 34.0220696))","Target, 3535 S La Cienega Blvd, Los Angeles",,,,,,,,,,,,,,,,,,,,,,,,,,,
way,1011578645,"[9333229810, 9333229811, 9333229812, 9333229813, 9333229814, 9333229815, 9333229816, 9333244317, 9333244318, 9333244319, 9333244320, 9333244321, 9333244322, 9333244323, 9333244324, 9333244325, 9333244326, 9333244327, 9333244328, 9333244329, 9333244330, 9333244331, 9333244332, 9333229810]",commercial,"POLYGON ((-118.3826561 34.020631, -118.3826642 34.0206688, -118.3857085 34.0202086, -118.3863897 34.0200108, -118.3863522 34.0199552, -118.3870442 34.019555, -118.3872937 34.0193394, -118.3875136 34.019106, -118.3888413 34.0172779, -118.3881679 34.0169311, -118.3881124 34.0169411, -118.3877213 34.0175481, -118.3873913 34.0179783, -118.3872465 34.0181094, -118.3870132 34.0183751, -118.3866765 34.018703, -118.3862487 34.0190898, -118.3858477 34.0194333, -118.3856077 34.0196223, -118.3853046 34.0198101, -118.384968 34.0199669, -118.3843873 34.0201414, -118.384052 34.0202403, -118.3826561 34.020631))","Target, 3535 S La Cienega Blvd, Los Angeles",,,,,,,,,,,,,,,,,,,,,,,,,,,
way,1011578646,"[8465268169, 8465268170, 6264850189, 9333244333, 9333244334, 9333244335, 9333244365, 9333244336, 9333244337, 9333244338, 9333244339, 9333244340, 9333244341, 9333244342, 247471697, 247471698, 8465268215, 8113288007, 8113288008, 247471686, 9333244343, 9333244344, 9333244345, 9333244346, 9333244347, 8120400853, 481974757, 9333244348, 9333244349, 9333244350, 9333244351, 481974441, 9333244352, 9333244353, 9333244354, 9333244355, 9333244356, 9333244357, 9333244358, 9333244359, 9333244360, 9333244361, 8465268165, 8465268166, 8465268167, 8465268168, 8465268169]",commercial,"POLYGON ((-118.3841738 34.0197432, -118.3841859 34.0197736, -118.3842371 34.0199017, -118.3845402 34.019819, -118.3849076 34.0196956, -118.3851919 34.0195545, -118.3853428 34.0194694, -118.3855071 34.0193399, -118.3859684 34.0189464, -118.3861911 34.0187664, -118.386411 34.0185718, -118.3868871 34.0180961, -118.3870789 34.0178749, -118.3874946 34.0173446, -118.3876798 34.0170765, -118.3873754 34.0169369, -118.3870759 34.0173116, -118.3868042 34.0176523, -118.3868059 34.0177033, -118.3866877 34.0178594, -118.3866162 34.0179249, -118.3864821 34.0178226, -118.3863413 34.017737, -118.3859805 34.0175959, -118.3857243 34.0174958, -118.3847109 34.0169231, -118.3846497 34.0168858, -118.3843604 34.0172257, -118.3843993 34.0174113, -118.3845938 34.0175225, -118.384684 34.017422, -118.3849326 34.0175723, -118.3854525 34.0178493, -118.3856184 34.0176826, -118.3857887 34.0178349, -118.3861776 34.0180761, -118.3862058 34.0181806, -118.3862206 34.0182873, -118.3858839 34.0186074, -118.385601 34.0189442, -118.3853502 34.0191543, -118.3850283 34.0193522, -118.3847623 34.0194299, -118.3843841 34.0195955, -118.3843787 34.0196166, -118.3842567 34.0197133, -118.3841738 34.0197432))","Target, 3535 S La Cienega Blvd, Los Angeles",,,,,,,,,,,,,,,,,,,,,,,,,,,
way,1052117866,"[9668795083, 9668795084, 9668795085, 9668795086, 9668795087, 9668795088, 9668795089, 9668795090, 9668795091, 9668795092, 9668795093, 9668795094, 9668795095, 9668795096, 9668795097, 9668795098, 9668795099, 9668795100, 9668795101, 9668795102, 9668795103, 9668795104, 9668795105, 9668795106, 9668795107, 9668795108, 9668795109, 9668795083]",commercial,"POLYGON ((-118.3739154 34.0320571, -118.3744906 34.0320611, -118.3746277 34.0319962, -118.3748325 34.0321504, -118.3751272 34.0320169, -118.3750927 34.0317014, -118.3749871 34.0311264, -118.3750255 34.0304401, -118.3752247 34.0296701, -118.3750423 34.0296065, -118.3742501 34.0302729, -118.3739956 34.0304421, -118.3737171 34.0305017, -118.3735203 34.0304958, -118.3734195 34.0304799, -118.3724616 34.0302033, -118.3724952 34.0301178, -118.3722455 34.0300521, -118.3722119 34.0301775, -118.3723368 34.0306032, -118.3723799 34.0307005, -118.3725058 34.030922, -118.3726899 34.0311461, -118.3728298 34.0312995, -118.3730026 34.0314582, -118.3732233 34.0316232, -118.373398 34.0317446, -118.3739154 34.0320571))","Target, 3535 S La Cienega Blvd, Los Angeles",,,,,,,,,,,,,,,,,,,,,,,,,,,
way,1052117867,"[9668795110, 9668795111, 9668795112, 9668795113, 9668795114, 9668795115, 9668795116, 9668810917, 9668810918, 9668810919, 9668810920, 9668810921, 9668810922, 9668810923, 9668810924, 9668810925, 9668810926, 9668810927, 9668810928, 9668810929, 9668810930, 9668795110]",commercial,"POLYGON ((-118.3718806 34.0305041, -118.3718447 34.030532, -118.3717706 34.0306288, -118.3710224 34.0322827, -118.3710299 34.0323039, -118.3710473 34.0323174, -118.3720097 34.0323167, -118.3724315 34.0324036, -118.372678 34.0325167, -118.3731221 34.0327775, -118.3732808 34.0327892, -118.3739662 34.0325008, -118.3739651 34.0324384, -118.373061 34.0318811, -118.3728776 34.0317516, -118.372706 34.0316083, -118.372271 34.0311339, -118.3721734 34.030978, -118.3720053 34.0306652, -118.3719453 34.0305211, -118.3719124 34.0304996, -118.3718806 34.0305041))","Target, 3535 S La Cienega Blvd, Los Angeles",,,,,,,,,,,,,,,,,,,,,,,,,,,
way,1052117868,"[9668810931, 9668810932, 9668810933, 9668810934, 9668810935, 9668810936, 9668810937, 9668810938, 9668810939, 9668810940, 9668810941, 9668810942, 9668810943, 9668810931]",commercial,"POLYGON ((-118.3762506 34.0270172, -118.3754623 34.0290368, -118.3746549 34.029655, -118.3742523 34.0299939, -118.3739408 34.0302468, -118.3737861 34.0303293, -118.373481 34.0303346, -118.3721354 34.0299816, -118.3721099 34.0298542, -118.3721014 34.0297963, -118.372151 34.0288324, -118.3742959 34.0288856, -118.3744427 34.0268549, -118.3762506 34.0270172))","Target, 3535 S La Cienega Blvd, Los Angeles",,,,,,,,,,,,,,,,,,,,,,,,,,,
way,1080265532,"[9901788656, 9953223844, 9953223843, 9901788657, 9901788658, 9057442819, 9057442818, 9057442817, 9057414416, 9057414415, 9057414414, 9057414413, 9057414412, 9057414411, 9057414410, 9057414409, 9057414408, 9057442821, 9057442820, 9057442822, 9057442823, 9057414407, 9057414406, 9953223856, 9953223857, 9953223854, 9953223853, 9901788669, 9901788670, 9953223852, 9901788671, 9953223851, 9901788672, 9953223848, 9953223847, 9528799146, 9901788656]",commercial,"POLYGON ((-118.3595771 34.032947, -118.3596887 34.032631, -118.3596547 34.0323234, -118.359724 34.032085, -118.3629004 34.0320863, -118.3629973 34.0318669, -118.3639817 34.0321392, -118.3640635 34.0319292, -118.3645892 34.032067, -118.3647555 34.0319825, -118.3648387 34.0317847, -118.3651123 34.0318625, -118.3651042 34.0318914, -118.3661623 34.0320036, -118.3663179 34.0320281, -118.3665794 34.0320548, -118.3665969 34.0320036, -118.3667199 34.0320055, -118.3666176 34.0323374, -118.3669059 34.0323351, -118.3670252 34.0320203, -118.3676094 34.0320186, -118.3676013 34.0319914, -118.3680695 34.031991, -118.3682254 34.0320204, -118.36871 34.0320198, -118.3687134 34.0320476, -118.3705293 34.0320553, -118.3704248 34.0323182, -118.3701962 34.0323245, -118.3699769 34.0328403, -118.3684884 34.0328461, -118.368239 34.0329243, -118.3664055 34.0329284, -118.3661819 34.0328695, -118.3626469 34.0329155, -118.3595771 34.032947))","Target, 3535 S La Cienega Blvd, Los Angeles",,,,,,,,,,,,,,,,,,,,,,,,,,,
way,1095681808,"[10034471666, 10034471667, 10034471668, 10034471669, 10034471670, 10034471666]",commercial,"POLYGON ((-118.3844144 34.0318055, -118.3845671 34.0319927, -118.3828975 34.0329467, -118.3826221 34.03287, -118.3826135 34.0328308, -118.3844144 34.0318055))","Target, 3535 S La Cienega Blvd, Los Angeles",,,,,,,,,,,,,,,,,,,,,,,,,,,
way,1095681809,"[10034471671, 10034471672, 10034471673, 10034471674, 8417184112, 8417184113, 8417184114, 10034471671]",commercial,"POLYGON ((-118.3821572 34.0323453, -118.3822262 34.0325019, -118.3822996 34.0324943, -118.3829555 34.0321256, -118.3829018 34.0320424, -118.3825115 34.0321391, -118.3825525 34.0322494, -118.3821572 34.0323453))","Target, 3535 S La Cienega Blvd, Los Angeles",,,,,,,,,,,,,,,,,,,,,,,,,,,
way,34007147,"[389604792, 8308680777, 8308680778, 8308680783, 389604796, 389604799, 6169560462, 9890733210, 9890733209, 6169560463, 8308680788, 7804426716, 9888800935, 7804426711, 8308680789, 8308680790, 8308603566, 8308603565, 8308680795, 8308680796, 8308680797, 9890733150, 9890733149, 9890733147, 9890733148, 8308680798, 8308680799, 8308680800, 8308680723, 8308680724, 8308680725, 8308677193, 8308677194, 9890733095, 9890733096, 8308677195, 8308677196, 389604806, 9888800845, 9888800844, 9888800846, 9890733099, 9890733097, 9890733098, 8308681573, 8308677199, 389604808, 9883876440, 9883876439, 9883876441, 9883876442, 6169560464, 9883876443, 9883876444, 8308677203, 8308677205, 389604810, 9883876445, 9883876446, 9883876448, 9883876447, 9883876449, 389604811, 9883876349, 8308677206, 7002648519, 8308677207, 9883876438, 9890733053, 9890733056, 9883876487, 9883876488, 8308677208, 389604815, 8308680730, 9884410902, 9884410905, 9884410903, 9884410904, 7002648505, 389604817, 389604819, 1429334951, 1429334931, 1429334925, 6169560458, 6169560459, 9884186848, 5360634250, 1895792585, 5360634248, 8308603734, 1895792581, 389604792]",commercial,"POLYGON ((-118.3339451 33.9456442, -118.3400032 33.9456432, -118.3417272 33.9456414, -118.3420501 33.94564, -118.3437174 33.9456403, -118.343772 33.9456899, -118.3437761 33.9471608, -118.3437721 33.9471816, -118.3437437 33.9472586, -118.3437392 33.9472819, -118.3437312 33.9477484, -118.3436826 33.9477928, -118.3436855 33.9478867, -118.3436894 33.9479805, -118.3437372 33.948031, -118.3437361 33.9489281, -118.3437761 33.9492747, -118.3437785 33.9513444, -118.3437426 33.9528607, -118.3437974 33.9529011, -118.3438008 33.9533105, -118.3438006 33.9533232, -118.3437987 33.9533359, -118.3437627 33.9534452, -118.3437607 33.9534561, -118.343761 33.953467, -118.3437652 33.9540176, -118.3437153 33.9540581, -118.3437557 33.9543332, -118.3438022 33.9543687, -118.3437989 33.955252, -118.343797 33.9554333, -118.3438044 33.9558777, -118.3438008 33.9559136, -118.3437728 33.9559966, -118.3437679 33.9560216, -118.3437653 33.9563808, -118.3437647 33.9566028, -118.3437562 33.9566182, -118.3437464 33.9566323, -118.3437326 33.9566432, -118.3437204 33.9566496, -118.343706 33.9566542, -118.3436891 33.9566571, -118.3436731 33.9566589, -118.343324 33.9566604, -118.3431953 33.9566606, -118.3429958 33.9566593, -118.3428141 33.9566525, -118.3426275 33.9566429, -118.3424434 33.9566254, -118.3422618 33.9566079, -118.3420811 33.9565818, -118.341911 33.9565556, -118.341741 33.956524, -118.3416318 33.9565028, -118.3413423 33.9564504, -118.3410371 33.956406, -118.3410031 33.9564106, -118.3408011 33.9563873, -118.3406002 33.9563684, -118.3403478 33.9563554, -118.3400953 33.9563486, -118.3400601 33.9563161, -118.3400213 33.9563159, -118.3399055 33.9563076, -118.3398838 33.9563077, -118.3398552 33.9563392, -118.3398422 33.9563391, -118.3398129 33.956339, -118.3389386 33.9563402, -118.3388419 33.9563405, -118.3378168 33.9563323, -118.3377128 33.9563197, -118.3374627 33.9563065, -118.3364821 33.956187, -118.3362387 33.9561564, -118.335994 33.9561303, -118.3357528 33.9561096, -118.3355115 33.9560995, -118.335234 33.9560831, -118.335252 33.9527171, -118.3308785 33.9527336, -118.3298031 33.952468, -118.3293033 33.9522386, -118.3292591 33.9522183, -118.3292503 33.9487968, -118.3293884 33.948798, -118.3293886 33.9488197, -118.3308773 33.9488196, -118.3318558 33.94898, -118.3339955 33.9489758, -118.334819 33.9489753, -118.3339451 33.9456442))","Target, 3471 W Century Blvd, Inglewood",,,Hollywood Park,,private,,,,,,,,,,,,,,,Los Angeles Stadium and Entertainment District at Hollywood Park,,,,,,,
way,1223106656,"[4338830955, 9831406142, 11345547088, 4338830956, 4338830955]",commercial,"POLYGON ((-118.3406894 33.9453332, -118.341532 33.9453291, -118.341532 33.9445428, -118.3407089 33.9445442, -118.3406894 33.9453332))","Target, 3471 W Century Blvd, Inglewood",,,Extra Space Storage,,,,,,,,,,,,,,,,,,Extra Space Storage,Q5422162,storage_rental,,,,
way,1223106657,"[9831406142, 4338830946, 4338830951, 11345547088, 9831406142]",commercial,"POLYGON ((-118.341532 33.9453291, -118.3425335 33.9453164, -118.342534 33.9445383, -118.341532 33.9445428, -118.341532 33.9453291))","Target, 3471 W Century Blvd, Inglewood",,,Lüm Hotel,,,,,,,,,Sonder,,,,,,,https://www.sonder.com/destinations/los_angeles/los-w-cent3900-a300/c32811?sleeps=1,,Sonder,Q96419376,,hotel,,,
way,1081123612,"[9909288366, 9909288367, 9909288368, 9909288369, 9909288370, 9909288371, 9909288372, 9909288373, 9909288366]",commercial,"POLYGON ((-118.0260222 34.1422058, -118.0260456 34.1418253, -118.0264023 34.1418177, -118.026464 34.1412406, -118.0250625 34.1403534, -118.0206563 34.1403562, -118.0221466 34.1416334, -118.0227652 34.1422546, -118.0260222 34.1422058))","Kohl's, 504 Huntington Dr, Monrovia",,,,,,,,,,,,,,,,,,,,,,,,,,,
way,1081123613,"[9909288374, 9909288375, 9909288376, 9909288377, 9909288374]",commercial,"POLYGON ((-118.0239044 34.1438944, -118.0208896 34.1425164, -118.0226417 34.1424578, -118.023186 34.1430319, -118.0239044 34.1438944))","Kohl's, 504 Huntington Dr, Monrovia",,,,,,,,,,,,,,,,,,,,,,,,,,,
way,1156617222,"[10756082530, 10756082533, 10756082532, 10756082531, 10756082530]",commercial,"POLYGON ((-118.018012 34.1313148, -118.0186915 34.1312001, -118.0187299 34.1308283, -118.018007 34.130838, -118.018012 34.1313148))","Kohl's, 504 Huntington Dr, Monrovia",,,,,,,,,,,,,,,,,,,,,,,,,,,
way,1159892258,"[10787051336, 10787051337, 10787051338, 10787051339, 10787051326, 10787051327, 10787051328, 10787051340, 10787051336]",commercial,"POLYGON ((-118.0198297 34.1312826, -118.0198503 34.1320446, -118.0195228 34.1320503, -118.0195228 34.1324105, -118.0184307 34.1324384, -118.0184264 34.1320466, -118.0180463 34.1320494, -118.0180411 34.1315271, -118.0198297 34.1312826))","Kohl's, 504 Huntington Dr, Monrovia",,,,,,,,,,,,,,,,,,,,,,,,,,,
way,846156257,"[7894402280, 11234704449, 7894402279, 7894402278, 7894402293, 7894402294, 7894402280]",commercial,"POLYGON ((-118.3095039 33.84862, -118.309505 33.849329, -118.3095906 33.8494057, -118.3111957 33.8493985, -118.3111939 33.8489733, -118.3111855 33.8486214, -118.3095039 33.84862))","Walmart, 19503 S Normandie Ave, Torrance",,,,,,,,,,,,,,,,,,,,,,,,,,,
way,846156258,"[7894402296, 7894402280, 7894402294, 7894402293, 7894402292, 7894402291, 7894402290, 7894402289, 7894402288, 7894402287, 7894402286, 7894402285, 7894402284, 7894402283, 7894402282, 7894402281, 10202946368, 10202946367, 7894402296]",commercial,"POLYGON ((-118.3095173 33.8474507, -118.3095039 33.84862, -118.3111855 33.8486214, -118.3111939 33.8489733, -118.3125898 33.8489776, -118.3125949 33.8494152, -118.312969 33.8494122, -118.312964 33.8489832, -118.3133997 33.8489797, -118.3133823 33.8484898, -118.3134386 33.8482403, -118.3135459 33.8480264, -118.3136639 33.8478772, -118.314136 33.8475742, -118.3141199 33.8475141, -118.3132803 33.8474428, -118.3115586 33.8474562, -118.3114401 33.8474571, -118.3095173 33.8474507))","Walmart, 19503 S Normandie Ave, Torrance",,,,,,,,,,,,,,,,,,,,,,,,,,,
way,1074365504,"[7894402283, 9854541696, 9854541697, 9854541698, 9854541699, 9854541700, 9854541701, 9854541702, 9854541703, 11234704448, 9854541704, 9854541705, 7894402278, 7894402293, 7894402292, 7894402291, 7894402290, 7894402289, 7894402288, 7894402287, 7894402286, 7894402285, 7894402284, 7894402283]",commercial,"POLYGON ((-118.314136 33.8475742, -118.3143367 33.8475209, -118.3176524 33.8475286, -118.3176711 33.8581513, -118.3175357 33.8582483, -118.3096387 33.8581823, -118.3095593 33.8580776, -118.3096139 33.8531492, -118.309563 33.8528706, -118.3095011 33.8496874, -118.3096014 33.8496044, -118.311194 33.8496035, -118.3111957 33.8493985, -118.3111939 33.8489733, -118.3125898 33.8489776, -118.3125949 33.8494152, -118.312969 33.8494122, -118.312964 33.8489832, -118.3133997 33.8489797, -118.3133823 33.8484898, -118.3134386 33.8482403, -118.3135459 33.8480264, -118.3136639 33.8478772, -118.314136 33.8475742))","Walmart, 19503 S Normandie Ave, Torrance",,,,,,,,,,,,,,,,,,,,,,,,,,,
way,1074365508,"[9854591942, 9854591943, 9854591944, 9854591945, 9854591946, 9854591947, 9854591948, 9854591949, 11234704447, 11234704446, 11234704445, 11234704444, 9854591950, 9854591951, 883671381, 883671860, 883671241, 7894402271, 7894402262, 7894402263, 9854591952, 9854591953, 9854591954, 11234704118, 9854591955, 11234704124, 11234704120, 11234704123, 11234704122, 11234704121, 4392341409, 4392341413, 4392341418, 11234704125, 4392341441, 4392341454, 11234704126, 11234704127, 9854591957, 9854591958, 9854591959, 11234704128, 9854591960, 9854591961, 4392342098, 11234704130, 11234704131, 1203999079, 11234704133, 1203999097, 9854591962, 4109209784, 4109209837, 4109209864, 11234704135, 4109209893, 4109209896, 9854591963, 4109209902, 4109209901, 4109209892, 4109209883, 11234704136, 11234704442, 11234704441, 11234704440, 11234704439, 11234704437, 5867191118, 2417878496, 4109209915, 4109209916, 4109209917, 9854591966, 9854591942]",commercial,"POLYGON ((-118.3090179 33.8582123, -118.3091305 33.8581611, -118.309211 33.8575307, -118.3092217 33.8571766, -118.3092539 33.8570206, -118.3091949 33.8531716, -118.3092271 33.853058, -118.3091761 33.8510221, -118.3091666 33.8497135, -118.3090811 33.8496268, -118.3090594 33.8493087, -118.3091633 33.8491132, -118.3091512 33.8472567, -118.3039071 33.8472439, -118.3039059 33.8473597, -118.3039032 33.848111, -118.3029981 33.8481087, -118.3029999 33.8483449, -118.3029914 33.8493764, -118.2994884 33.8493674, -118.2994928 33.8473121, -118.290261 33.8473102, -118.2902386 33.8464563, -118.290207 33.8464249, -118.2901657 33.8464048, -118.287318 33.846402, -118.2863832 33.8463817, -118.2862205 33.8464187, -118.2858947 33.846425, -118.2858561 33.8464039, -118.2855889 33.8464067, -118.2855201 33.8468658, -118.2853291 33.848022, -118.2853243 33.8481463, -118.2853301 33.8487918, -118.2853296 33.8489079, -118.2853321 33.850216, -118.28535 33.8502799, -118.285266 33.8544234, -118.2853061 33.8553577, -118.28543 33.8557713, -118.2856797 33.8562031, -118.2861523 33.8566984, -118.2883061 33.8581311, -118.2899087 33.8588033, -118.2900121 33.858946, -118.2903439 33.8587982, -118.2907166 33.8589388, -118.2912122 33.8587204, -118.29146 33.8586667, -118.2916743 33.8586135, -118.2918524 33.8590312, -118.2919228 33.8591274, -118.2920563 33.859221, -118.2922153 33.8592908, -118.2928601 33.859365, -118.2930459 33.8593903, -118.2935817 33.8594693, -118.2959914 33.8594565, -118.2960802 33.8594551, -118.2970567 33.8593633, -118.2978726 33.8593073, -118.2978825 33.85818, -118.2990637 33.8581851, -118.2991154 33.8581488, -118.2993957 33.8581557, -118.2994413 33.8581835, -118.3000745 33.8581829, -118.3000491 33.8594382, -118.3036942 33.8595156, -118.3037571 33.8595071, -118.3042678 33.859508, -118.3048183 33.8595045, -118.304839 33.8582063, -118.3090179 33.8582123))","Walmart, 19503 S Normandie Ave, Torrance",,,,,,,,,,,,,,,,,,,,,,,,,,,
way,35108800,"[411840746, 11137446862, 411840745, 411840743, 11137446858, 411882629, 11137446859, 11137446868, 411884777, 411882634, 297968038, 297606725, 411882636, 11137446863, 411840749, 411840746]",commercial,"POLYGON ((-118.1416069 33.861434, -118.1415528 33.8612914, -118.141555 33.8608694, -118.1411537 33.8608673, -118.1411386 33.860125, -118.1411312 33.8593295, -118.14118 33.8592878, -118.1427251 33.8592875, -118.1428098 33.8592054, -118.1439976 33.8592038, -118.1440105 33.8599998, -118.1439482 33.8601072, -118.1439605 33.8614074, -118.1439039 33.8614586, -118.1424942 33.8614347, -118.1416069 33.861434))","Walmart Supercenter, 3705 E South St, Long Beach",,,,,,,,,,,,,,,,,,,,,,,,,,,
way,419728523,"[4197341130, 4197341131, 4197341132, 4462677242, 4462677243, 6961426354, 4462677241, 6961426353, 8076338919, 8076338920, 8076338921, 8076338922, 4197341133, 8076338923, 7888580874, 7888580882, 7888580875, 7888580881, 7888580880, 7888580897, 7888580896, 7888580879, 7888580878, 7888580877, 4197341134, 4197341135, 4197341136, 4197341137, 8076465617, 8076465618, 8076465619, 8076465616, 8076465620, 8076465621, 8076465622, 8076465626, 8076465614, 8076465613, 8076465612, 4197341139, 3171919676, 4197341140, 4197341142, 4197341143, 4197341144, 4197341145, 1236774620, 4197341147, 4197341148, 8076465583, 8076465584, 8076465530, 4197341149, 8076465531, 8076465533, 8076465532, 4197341130]",commercial,"POLYGON ((-118.1428186 33.8317723, -118.1432643 33.8317776, -118.1432751 33.8320717, -118.1438018 33.8320818, -118.1438022 33.8321515, -118.1441991 33.8321511, -118.145412 33.8321499, -118.1459531 33.832148, -118.1460753 33.8320891, -118.1463837 33.8320828, -118.1463832 33.8321697, -118.1464079 33.8321802, -118.1497673 33.8321934, -118.1497911 33.8321783, -118.1501316 33.8313133, -118.1501679 33.8311561, -118.1501589 33.8309653, -118.1501202 33.8308445, -118.1500031 33.8306654, -118.1495259 33.8301875, -118.1494838 33.8301714, -118.1493131 33.8299835, -118.149806 33.8295763, -118.1508513 33.8300916, -118.151076 33.8294914, -118.1519386 33.8289524, -118.1540361 33.8289257, -118.1540422 33.8275051, -118.1556879 33.8274994, -118.1557089 33.8274815, -118.1556971 33.8268369, -118.1560382 33.826832, -118.1561257 33.8269859, -118.1562638 33.8271407, -118.156396 33.8272517, -118.1565189 33.8273242, -118.156636 33.8273762, -118.1568118 33.8274257, -118.1569907 33.8274499, -118.15934 33.8274845, -118.1598034 33.8275059, -118.1608251 33.8275486, -118.1579237 33.8251646, -118.1550071 33.8251506, -118.1548387 33.8250056, -118.1548397 33.823545, -118.1501674 33.8235308, -118.1424271 33.8235086, -118.1424822 33.8236707, -118.1427095 33.8243303, -118.1426679 33.8243988, -118.1427578 33.8248633, -118.1428092 33.824911, -118.1428463 33.8251875, -118.1428007 33.8252113, -118.1427817 33.8252554, -118.1428186 33.8317723))","Walmart Supercenter, 2770 E Carson St, Lakewood",,,Douglas Park,,,,,,,,,,,,,,,,,,,,,,,,
way,34007147,"[389604792, 8308680777, 8308680778, 8308680783, 389604796, 389604799, 6169560462, 9890733210, 9890733209, 6169560463, 8308680788, 7804426716, 9888800935, 7804426711, 8308680789, 8308680790, 8308603566, 8308603565, 8308680795, 8308680796, 8308680797, 9890733150, 9890733149, 9890733147, 9890733148, 8308680798, 8308680799, 8308680800, 8308680723, 8308680724, 8308680725, 8308677193, 8308677194, 9890733095, 9890733096, 8308677195, 8308677196, 389604806, 9888800845, 9888800844, 9888800846, 9890733099, 9890733097, 9890733098, 8308681573, 8308677199, 389604808, 9883876440, 9883876439, 9883876441, 9883876442, 6169560464, 9883876443, 9883876444, 8308677203, 8308677205, 389604810, 9883876445, 9883876446, 9883876448, 9883876447, 9883876449, 389604811, 9883876349, 8308677206, 7002648519, 8308677207, 9883876438, 9890733053, 9890733056, 9883876487, 9883876488, 8308677208, 389604815, 8308680730, 9884410902, 9884410905, 9884410903, 9884410904, 7002648505, 389604817, 389604819, 1429334951, 1429334931, 1429334925, 6169560458, 6169560459, 9884186848, 5360634250, 1895792585, 5360634248, 8308603734, 1895792581, 389604792]",commercial,"POLYGON ((-118.3339451 33.9456442, -118.3400032 33.9456432, -118.3417272 33.9456414, -118.3420501 33.94564, -118.3437174 33.9456403, -118.343772 33.9456899, -118.3437761 33.9471608, -118.3437721 33.9471816, -118.3437437 33.9472586, -118.3437392 33.9472819, -118.3437312 33.9477484, -118.3436826 33.9477928, -118.3436855 33.9478867, -118.3436894 33.9479805, -118.3437372 33.948031, -118.3437361 33.9489281, -118.3437761 33.9492747, -118.3437785 33.9513444, -118.3437426 33.9528607, -118.3437974 33.9529011, -118.3438008 33.9533105, -118.3438006 33.9533232, -118.3437987 33.9533359, -118.3437627 33.9534452, -118.3437607 33.9534561, -118.343761 33.953467, -118.3437652 33.9540176, -118.3437153 33.9540581, -118.3437557 33.9543332, -118.3438022 33.9543687, -118.3437989 33.955252, -118.343797 33.9554333, -118.3438044 33.9558777, -118.3438008 33.9559136, -118.3437728 33.9559966, -118.3437679 33.9560216, -118.3437653 33.9563808, -118.3437647 33.9566028, -118.3437562 33.9566182, -118.3437464 33.9566323, -118.3437326 33.9566432, -118.3437204 33.9566496, -118.343706 33.9566542, -118.3436891 33.9566571, -118.3436731 33.9566589, -118.343324 33.9566604, -118.3431953 33.9566606, -118.3429958 33.9566593, -118.3428141 33.9566525, -118.3426275 33.9566429, -118.3424434 33.9566254, -118.3422618 33.9566079, -118.3420811 33.9565818, -118.341911 33.9565556, -118.341741 33.956524, -118.3416318 33.9565028, -118.3413423 33.9564504, -118.3410371 33.956406, -118.3410031 33.9564106, -118.3408011 33.9563873, -118.3406002 33.9563684, -118.3403478 33.9563554, -118.3400953 33.9563486, -118.3400601 33.9563161, -118.3400213 33.9563159, -118.3399055 33.9563076, -118.3398838 33.9563077, -118.3398552 33.9563392, -118.3398422 33.9563391, -118.3398129 33.956339, -118.3389386 33.9563402, -118.3388419 33.9563405, -118.3378168 33.9563323, -118.3377128 33.9563197, -118.3374627 33.9563065, -118.3364821 33.956187, -118.3362387 33.9561564, -118.335994 33.9561303, -118.3357528 33.9561096, -118.3355115 33.9560995, -118.335234 33.9560831, -118.335252 33.9527171, -118.3308785 33.9527336, -118.3298031 33.952468, -118.3293033 33.9522386, -118.3292591 33.9522183, -118.3292503 33.9487968, -118.3293884 33.948798, -118.3293886 33.9488197, -118.3308773 33.9488196, -118.3318558 33.94898, -118.3339955 33.9489758, -118.334819 33.9489753, -118.3339451 33.9456442))","Marshalls, 3420 W Century Blvd, Inglewood",,,Hollywood Park,,private,,,,,,,,,,,,,,,Los Angeles Stadium and Entertainment District at Hollywood Park,,,,,,,
way,1223106656,"[4338830955, 9831406142, 11345547088, 4338830956, 4338830955]",commercial,"POLYGON ((-118.3406894 33.9453332, -118.341532 33.9453291, -118.341532 33.9445428, -118.3407089 33.9445442, -118.3406894 33.9453332))","Marshalls, 3420 W Century Blvd, Inglewood",,,Extra Space Storage,,,,,,,,,,,,,,,,,,Extra Space Storage,Q5422162,storage_rental,,,,
way,1223106657,"[9831406142, 4338830946, 4338830951, 11345547088, 9831406142]",commercial,"POLYGON ((-118.341532 33.9453291, -118.3425335 33.9453164, -118.342534 33.9445383, -118.341532 33.9445428, -118.341532 33.9453291))","Marshalls, 3420 W Century Blvd, Inglewood",,,Lüm Hotel,,,,,,,,,Sonder,,,,,,,https://www.sonder.com/destinations/los_angeles/los-w-cent3900-a300/c32811?sleeps=1,,Sonder,Q96419376,,hotel,,,
way,1080482204,"[9903627450, 9903627451, 9903627452, 9903627453, 9903627454, 9903627455, 9903627456, 9903627457, 9903627450]",commercial,"POLYGON ((-118.2099389 33.91577, -118.2086764 33.9158497, -118.2085965 33.9148673, -118.2093964 33.9148207, -118.2093006 33.9137595, -118.2097658 33.9137532, -118.2100956 33.9138506, -118.2098366 33.9143945, -118.2099389 33.91577))","Walmart, 2100 N Long Beach Blvd, Compton",,,,,,,,,,,,,,,,,,,,,,,,,,,
way,351290394,"[3570690199, 3570690195, 11011092698, 11011092686, 3570690206, 3570690217, 3570690221, 3570690199]",commercial,"POLYGON ((-118.191101 33.9525722, -118.1911513 33.9522409, -118.1930147 33.9524501, -118.1932603 33.9524776, -118.1964686 33.9528376, -118.1964318 33.9530734, -118.1963771 33.9531039, -118.191101 33.9525722))","Walmart Supercenter, 4651 Firestone Blvd, South Gate",,,,Bing,,,,,,,,,,,,,,,,,,,,,,,
way,1185379144,"[11011092666, 11011092667, 11011092668, 11011092670, 11011092669, 11011092666]",commercial,"POLYGON ((-118.1966137 33.9496971, -118.1962021 33.9496505, -118.19616 33.9499065, -118.196539 33.9499494, -118.1965784 33.9499114, -118.1966137 33.9496971))","Walmart Supercenter, 4651 Firestone Blvd, South Gate",,,,,,,,,,,,,,,,,,,,,,,,,,,
way,1185379146,"[11011092674, 11011092675, 11011092676, 11011092677, 11011092678, 11011092679, 11011092680, 11011092681, 11011092682, 11011092683, 11011092684, 11011092685, 11011092674]",commercial,"POLYGON ((-118.1888954 33.9523792, -118.1889455 33.9520444, -118.1839513 33.9515552, -118.1839965 33.9512305, -118.183436 33.9511795, -118.1826366 33.949018, -118.1822832 33.9489814, -118.1822563 33.9489954, -118.1822445 33.9490094, -118.1822411 33.9490275, -118.1832398 33.9517365, -118.1833375 33.9518109, -118.1888954 33.9523792))","Walmart Supercenter, 4651 Firestone Blvd, South Gate",,,,,,,,,,,,,,,,,,,,,,,,,,,
way,875664428,"[8150433766, 8150433767, 8150433768, 8150442128, 8150442129, 8150433769, 8150433770, 8150433771, 8150433772, 8150433773, 8150442165, 8150433774, 8150433775, 8150433776, 8150433766]",commercial,"POLYGON ((-118.1184584 33.9479762, -118.1193987 33.9484405, -118.1197072 33.9480689, -118.1189056 33.9477021, -118.1187336 33.9476799, -118.1183385 33.9474764, -118.1188172 33.9468217, -118.1188553 33.9466353, -118.1185719 33.9465, -118.120176 33.9435479, -118.1196205 33.9433495, -118.1195678 33.943363, -118.1174317 33.9474102, -118.1174569 33.9474721, -118.1184584 33.9479762))","Kohl's, 300 Stonewood St, Downey",,,,,,,,,,,,,,,,,,,,,,,,,,,
way,875664446,"[8150442158, 8150442182, 8150442183, 8150442184, 8150442185, 8150442160, 8150442159, 8150442158]",commercial,"POLYGON ((-118.1223382 33.9394725, -118.1222748 33.9393943, -118.1221892 33.9393119, -118.1220667 33.939247, -118.1219801 33.9392733, -118.1216785 33.9396998, -118.1220214 33.939865, -118.1223382 33.9394725))","Kohl's, 300 Stonewood St, Downey",,,,,,,,,,,,,,,,,,,,,,,,,,,
way,875664447,"[3897158081, 8150442186, 8150442187, 8150442188, 8150442189, 8150442190, 8150442191, 8150442192, 3897158081]",commercial,"POLYGON ((-118.1224359 33.9392879, -118.1223774 33.9392293, -118.1222429 33.9391442, -118.1221426 33.9390932, -118.1221355 33.9390776, -118.1221355 33.939057, -118.1222429 33.9388896, -118.1225966 33.9390647, -118.1224359 33.9392879))","Kohl's, 300 Stonewood St, Downey",,,,,,,,,,,,,,,,,,,,,,,,,,,
way,875664449,"[3897158071, 8150442195, 8150442196, 8150442197, 8150442198, 8150442199, 3897158071]",commercial,"POLYGON ((-118.1238909 33.9372891, -118.1235367 33.937113, -118.1234146 33.9373049, -118.1234123 33.9373371, -118.123424 33.9373604, -118.1237215 33.9375103, -118.1238909 33.9372891))","Kohl's, 300 Stonewood St, Downey",,,,,,,,,,,,,,,,,,,,,,,,,,,
way,875664450,"[8150442193, 8150442200, 8150442201, 8150442202, 8150442203, 8150442194, 8150442193]",commercial,"POLYGON ((-118.1226782 33.9382995, -118.1232704 33.937526, -118.1233026 33.9375029, -118.1233359 33.9375039, -118.1236221 33.9376476, -118.1230276 33.9384691, -118.1226782 33.9382995))","Kohl's, 300 Stonewood St, Downey",,,,,,,,,,,,,,,,,,,,,,,,,,,
way,875664451,"[8150442207, 8150442208, 8150442209, 8150442210, 8150442211, 8150442207]",commercial,"POLYGON ((-118.1214853 33.9387599, -118.1217827 33.9389069, -118.1218566 33.9388992, -118.1220845 33.9385818, -118.1217366 33.9384099, -118.1214853 33.9387599))","Kohl's, 300 Stonewood St, Downey",,,,,,,,,,,,,,,,,,,,,,,,,,,
way,875664453,"[8150442214, 8150442213, 3575802411, 8150442215, 8150442216, 7039255303, 8150442214]",commercial,"POLYGON ((-118.1228069 33.9361246, -118.1230017 33.9358709, -118.1233173 33.9354602, -118.1236849 33.9356328, -118.123729 33.9357168, -118.1234517 33.9364633, -118.1228069 33.9361246))","Kohl's, 300 Stonewood St, Downey",,,,,,,,,,,,,,,,,,,,,,,,,,,
way,875664455,"[8150442220, 7851764592, 7851764601, 8150442224, 8150442225, 8150442226, 8150442227, 3897158106, 3897158105, 3897158074, 3897158085, 3897158130, 3897158088, 3897158140, 3897158145, 8150442223, 8150442222, 8150442221, 8150442220]",commercial,"POLYGON ((-118.1242585 33.9368049, -118.123843 33.9365895, -118.1240437 33.93595, -118.1240726 33.9358819, -118.1241141 33.9358595, -118.1241639 33.9358474, -118.1244802 33.9359737, -118.1275803 33.9374854, -118.1273001 33.9378897, -118.127001 33.9377346, -118.1264699 33.938509, -118.126182 33.9383662, -118.1263774 33.9380099, -118.1256599 33.9376367, -118.1254011 33.9380055, -118.1249535 33.9377932, -118.1255806 33.9369398, -118.1245188 33.9364012, -118.1242585 33.9368049))","Kohl's, 300 Stonewood St, Downey",,,,,,,,,,,,,,,,,,,,,,,,,,,
way,875664456,"[8150442228, 8150442229, 8150442230, 8150442240, 8150442241, 8150442242, 8150442243, 8150442239, 8150442238, 8150442231, 8150442232, 8150442233, 8150442234, 8150442235, 8150442236, 8150442237, 8150442228]",commercial,"POLYGON ((-118.1295434 33.9380878, -118.1296364 33.9380714, -118.1302223 33.9373143, -118.126633 33.9353798, -118.1261129 33.9360684, -118.1254757 33.9357366, -118.1255397 33.9356379, -118.1252939 33.935512, -118.1257407 33.9348914, -118.1249872 33.934484, -118.1243217 33.9353658, -118.1242879 33.9354313, -118.1243014 33.9354856, -118.1243409 33.9355315, -118.1248966 33.9358045, -118.1249988 33.9359306, -118.1295434 33.9380878))","Kohl's, 300 Stonewood St, Downey",,,,,,,,,,,,,,,,,,,,,,,,,,,
way,875664459,"[8150442254, 8150442255, 8150442256, 8150442257, 8150442258, 8150442259, 8150442260, 8150442261, 8150442262, 8150442263, 8150442264, 8150442265, 8150442266, 8150442267, 8150442254]",commercial,"POLYGON ((-118.1237977 33.9353298, -118.1238377 33.9353324, -118.1238853 33.9353247, -118.1241971 33.9348609, -118.1246747 33.9343309, -118.1220162 33.932905, -118.1220807 33.9328132, -118.1202285 33.9318232, -118.1201686 33.9318996, -118.1168852 33.9301194, -118.1168923 33.931766, -118.1169079 33.9318085, -118.1169548 33.9318662, -118.117013 33.9319004, -118.1237977 33.9353298))","Kohl's, 300 Stonewood St, Downey",,,,,,,,,,,,,,,,,,,,,,,,,,,
way,875664461,"[8150442275, 8150442276, 8150442277, 8150442278, 8150442279, 8150442280, 8150442281, 8150442282, 8150442283, 8150442284, 8150442285, 8150442286, 8150442287, 8150442288, 8150442269, 8150442270, 8150442271, 8150442272, 8150442273, 8150442274, 8150442275]",commercial,"POLYGON ((-118.1144274 33.9287954, -118.1143753 33.9287709, -118.1125387 33.929364, -118.1124576 33.9294057, -118.112421 33.929455, -118.1124072 33.9295091, -118.1124152 33.9295898, -118.1124484 33.929642, -118.112509 33.9296989, -118.1164109 33.931634, -118.1164482 33.9316379, -118.116493 33.9316262, -118.1165425 33.9316022, -118.1165593 33.9315658, -118.1165556 33.9306423, -118.1162312 33.9304637, -118.1160038 33.9308486, -118.114045 33.9298769, -118.1139822 33.9299626, -118.1137166 33.9298497, -118.1144274 33.9287954))","Kohl's, 300 Stonewood St, Downey",,,,,,,,,,,,,,,,,,,,,,,,,,,
way,875664462,"[8150442289, 8150442290, 8150442291, 8150442292, 8150442293, 8150473170, 8150473169, 8150473168, 8150473156, 8150442294, 8150442295, 8150442296, 8150442297, 8150442298, 8150442299, 8150442300, 8150442301, 8150442302, 8150442289]",commercial,"POLYGON ((-118.1173374 33.9329367, -118.1167495 33.9326592, -118.1167593 33.9326469, -118.1164924 33.9325071, -118.1163559 33.9326918, -118.1157079 33.9323838, -118.1156928 33.9324047, -118.1147684 33.9319464, -118.1147915 33.9319125, -118.1140953 33.9315653, -118.1142159 33.9313938, -118.1136145 33.9310948, -118.1138543 33.9307612, -118.1138912 33.930753, -118.1139318 33.930752, -118.1154409 33.9314908, -118.1175108 33.9325194, -118.11756 33.9326296, -118.1173374 33.9329367))","Kohl's, 300 Stonewood St, Downey",,,,,,,,,,,,,,,,,,,,,,,,,,,
way,875664463,"[8150442303, 8150442304, 4567941958, 4567941946, 8150442305, 8150442306, 8150442307, 8150473171, 8150442308, 8150442309, 8150442310, 8150442312, 8150442313, 8150442314, 8150442315, 8150442316, 8150442317, 8150442318, 8150442319, 8150442320, 8150442303]",commercial,"POLYGON ((-118.109256 33.9281038, -118.1089381 33.9282902, -118.1083301 33.9295008, -118.1084534 33.9295275, -118.1103016 33.9304593, -118.1109079 33.9295891, -118.1112849 33.9297946, -118.1114706 33.929898, -118.1118306 33.930097, -118.1112188 33.9309348, -118.1120005 33.9313338, -118.1123856 33.9307875, -118.1126632 33.9309333, -118.112765 33.9307832, -118.113063 33.9309428, -118.1128873 33.9311889, -118.113203 33.9313347, -118.113692 33.9306829, -118.1136563 33.9306121, -118.1117286 33.9296127, -118.109256 33.9281038))","Kohl's, 300 Stonewood St, Downey",,,,,,,,,,,,,,,,,,,,,,,,,,,
way,875664467,"[8150442351, 8150442359, 8150442360, 8150442361, 8150442349, 8150442350, 8150442351]",commercial,"POLYGON ((-118.1160154 33.927986, -118.1165075 33.9278313, -118.116547 33.9278074, -118.1165596 33.9277672, -118.1165562 33.9272274, -118.1160133 33.9272271, -118.1160154 33.927986))","Kohl's, 300 Stonewood St, Downey",,,,,,,,,,,,,,,,,,,,,,,,,,,
way,875681772,"[8150630095, 8150630100, 8150630101, 8150630102, 8150630103, 8150630104, 8150630105, 8150630106, 8150630107, 8150630108, 8150630096, 8150630109, 8150630110, 8150630095]",commercial,"POLYGON ((-118.1302611 33.9430004, -118.1304524 33.9430675, -118.1306007 33.9431488, -118.1306118 33.943196, -118.130604 33.9432339, -118.1303677 33.9436269, -118.1303343 33.9436518, -118.1302986 33.9436564, -118.1302752 33.9436481, -118.1299197 33.943478, -118.1297868 33.9434356, -118.1299663 33.9431948, -118.1300719 33.9432501, -118.1302611 33.9430004))","Kohl's, 300 Stonewood St, Downey",,,,,,,,,,,,,,,,,,,,,,,,,,,
way,875681774,"[8150640720, 8150640731, 8150640732, 8150640733, 8150640726, 8150640727, 8150640728, 8150640730, 8150640718, 8150640719, 8150640734, 8150640735, 8150640720]",commercial,"POLYGON ((-118.1310042 33.9426618, -118.1316345 33.9418722, -118.1316369 33.9418417, -118.1316274 33.9418093, -118.1304455 33.9411911, -118.1301648 33.9415277, -118.1302319 33.9415671, -118.1299895 33.9418904, -118.1305594 33.9421993, -118.1304481 33.9423463, -118.1308582 33.9425604, -118.130846 33.942577, -118.1310042 33.9426618))","Kohl's, 300 Stonewood St, Downey",,,,,,,,,,,,,,,,,,,,,,,,,,,
way,875681790,"[8150640844, 8150640845, 8150640846, 8150640847, 8150640848, 8150640838, 8150640839, 8150640849, 8150640759, 8150640758, 8150640850, 8150640851, 8150640854, 8150640853, 8150640852, 8150640844]",commercial,"POLYGON ((-118.1292264 33.9389583, -118.1295926 33.9384768, -118.1296251 33.9384725, -118.1296562 33.9384833, -118.1311868 33.9392534, -118.1311992 33.9392944, -118.1310941 33.9394277, -118.1306213 33.9400466, -118.130426 33.9399408, -118.1300206 33.9397241, -118.1299917 33.9397637, -118.1298351 33.9396567, -118.1297541 33.9395474, -118.1295891 33.9394352, -118.1291241 33.9391714, -118.1292264 33.9389583))","Kohl's, 300 Stonewood St, Downey",,,,,,,,,,,,,,,,,,,,,,,,,,,
way,876407157,"[5749101871, 3559809496, 8156702363, 3559809492, 8156702364, 8156702365, 8156702366, 8156702367, 8156702368, 8156702369, 8156702370, 8156702371, 8156702372, 8156702373, 8156702374, 8156702375, 8156702376, 8156702377, 8156702378, 8156702379, 8156702380, 8156702381, 8156702382, 8156702383, 8156702384, 8156702385, 5749101859, 8156702358, 5749101860, 5749101861, 5749101862, 5749101863, 5749101868, 5749101869, 3559809494, 3559809495, 5749101870, 8156702360, 5749101871]",commercial,"POLYGON ((-118.1274279 33.924939, -118.1265229 33.9249371, -118.1256295 33.924927, -118.1256163 33.9249928, -118.1255987 33.9250844, -118.1255996 33.925803, -118.1256397 33.9261057, -118.1256387 33.9263056, -118.1256049 33.9265563, -118.1255988 33.9276066, -118.1256271 33.9276509, -118.1256691 33.927683, -118.125745 33.9276951, -118.1267629 33.9276965, -118.1279225 33.9276957, -118.128205 33.9276649, -118.1284051 33.9276659, -118.1285563 33.9276741, -118.1287044 33.9277081, -118.1292224 33.9278736, -118.1293135 33.9278942, -118.1293705 33.9278865, -118.1294151 33.9278597, -118.1294374 33.927834, -118.1308828 33.9259429, -118.1310631 33.925629, -118.1315681 33.9250622, -118.131428 33.9249934, -118.1312947 33.9249645, -118.1310238 33.9249617, -118.1302075 33.9250487, -118.130002 33.9251081, -118.1286276 33.9251714, -118.1275619 33.9251807, -118.1275646 33.9250675, -118.127567 33.9249877, -118.127511 33.9249874, -118.127511 33.9249392, -118.1274279 33.924939))","Kohl's, 300 Stonewood St, Downey",,,Downey Landing,,,,,,,,,,,,,,,,,,,,,,,,
way,875664428,"[8150433766, 8150433767, 8150433768, 8150442128, 8150442129, 8150433769, 8150433770, 8150433771, 8150433772, 8150433773, 8150442165, 8150433774, 8150433775, 8150433776, 8150433766]",commercial,"POLYGON ((-118.1184584 33.9479762, -118.1193987 33.9484405, -118.1197072 33.9480689, -118.1189056 33.9477021, -118.1187336 33.9476799, -118.1183385 33.9474764, -118.1188172 33.9468217, -118.1188553 33.9466353, -118.1185719 33.9465, -118.120176 33.9435479, -118.1196205 33.9433495, -118.1195678 33.943363, -118.1174317 33.9474102, -118.1174569 33.9474721, -118.1184584 33.9479762))","JCPenney, 332 Stonewood St, Downey",,,,,,,,,,,,,,,,,,,,,,,,,,,
way,875664429,"[8150433777, 8150433778, 8150433779, 8150433780, 8150433781, 8150433782, 8150433783, 8150433784, 8150433777]",commercial,"POLYGON ((-118.1170616 33.9457302, -118.1177594 33.9460922, -118.1171425 33.9472613, -118.1170791 33.9472794, -118.1163041 33.9468874, -118.1162872 33.9468588, -118.1162813 33.946835, -118.116296 33.9468059, -118.1170616 33.9457302))","JCPenney, 332 Stonewood St, Downey",,,,,,,,,,,,,,,,,,,,,,,,,,,
way,875664446,"[8150442158, 8150442182, 8150442183, 8150442184, 8150442185, 8150442160, 8150442159, 8150442158]",commercial,"POLYGON ((-118.1223382 33.9394725, -118.1222748 33.9393943, -118.1221892 33.9393119, -118.1220667 33.939247, -118.1219801 33.9392733, -118.1216785 33.9396998, -118.1220214 33.939865, -118.1223382 33.9394725))","JCPenney, 332 Stonewood St, Downey",,,,,,,,,,,,,,,,,,,,,,,,,,,
way,875664447,"[3897158081, 8150442186, 8150442187, 8150442188, 8150442189, 8150442190, 8150442191, 8150442192, 3897158081]",commercial,"POLYGON ((-118.1224359 33.9392879, -118.1223774 33.9392293, -118.1222429 33.9391442, -118.1221426 33.9390932, -118.1221355 33.9390776, -118.1221355 33.939057, -118.1222429 33.9388896, -118.1225966 33.9390647, -118.1224359 33.9392879))","JCPenney, 332 Stonewood St, Downey",,,,,,,,,,,,,,,,,,,,,,,,,,,
way,875664449,"[3897158071, 8150442195, 8150442196, 8150442197, 8150442198, 8150442199, 3897158071]",commercial,"POLYGON ((-118.1238909 33.9372891, -118.1235367 33.937113, -118.1234146 33.9373049, -118.1234123 33.9373371, -118.123424 33.9373604, -118.1237215 33.9375103, -118.1238909 33.9372891))","JCPenney, 332 Stonewood St, Downey",,,,,,,,,,,,,,,,,,,,,,,,,,,
way,875664450,"[8150442193, 8150442200, 8150442201, 8150442202, 8150442203, 8150442194, 8150442193]",commercial,"POLYGON ((-118.1226782 33.9382995, -118.1232704 33.937526, -118.1233026 33.9375029, -118.1233359 33.9375039, -118.1236221 33.9376476, -118.1230276 33.9384691, -118.1226782 33.9382995))","JCPenney, 332 Stonewood St, Downey",,,,,,,,,,,,,,,,,,,,,,,,,,,
way,875664451,"[8150442207, 8150442208, 8150442209, 8150442210, 8150442211, 8150442207]",commercial,"POLYGON ((-118.1214853 33.9387599, -118.1217827 33.9389069, -118.1218566 33.9388992, -118.1220845 33.9385818, -118.1217366 33.9384099, -118.1214853 33.9387599))","JCPenney, 332 Stonewood St, Downey",,,,,,,,,,,,,,,,,,,,,,,,,,,
way,875664453,"[8150442214, 8150442213, 3575802411, 8150442215, 8150442216, 7039255303, 8150442214]",commercial,"POLYGON ((-118.1228069 33.9361246, -118.1230017 33.9358709, -118.1233173 33.9354602, -118.1236849 33.9356328, -118.123729 33.9357168, -118.1234517 33.9364633, -118.1228069 33.9361246))","JCPenney, 332 Stonewood St, Downey",,,,,,,,,,,,,,,,,,,,,,,,,,,
way,875664455,"[8150442220, 7851764592, 7851764601, 8150442224, 8150442225, 8150442226, 8150442227, 3897158106, 3897158105, 3897158074, 3897158085, 3897158130, 3897158088, 3897158140, 3897158145, 8150442223, 8150442222, 8150442221, 8150442220]",commercial,"POLYGON ((-118.1242585 33.9368049, -118.123843 33.9365895, -118.1240437 33.93595, -118.1240726 33.9358819, -118.1241141 33.9358595, -118.1241639 33.9358474, -118.1244802 33.9359737, -118.1275803 33.9374854, -118.1273001 33.9378897, -118.127001 33.9377346, -118.1264699 33.938509, -118.126182 33.9383662, -118.1263774 33.9380099, -118.1256599 33.9376367, -118.1254011 33.9380055, -118.1249535 33.9377932, -118.1255806 33.9369398, -118.1245188 33.9364012, -118.1242585 33.9368049))","JCPenney, 332 Stonewood St, Downey",,,,,,,,,,,,,,,,,,,,,,,,,,,
way,875664456,"[8150442228, 8150442229, 8150442230, 8150442240, 8150442241, 8150442242, 8150442243, 8150442239, 8150442238, 8150442231, 8150442232, 8150442233, 8150442234, 8150442235, 8150442236, 8150442237, 8150442228]",commercial,"POLYGON ((-118.1295434 33.9380878, -118.1296364 33.9380714, -118.1302223 33.9373143, -118.126633 33.9353798, -118.1261129 33.9360684, -118.1254757 33.9357366, -118.1255397 33.9356379, -118.1252939 33.935512, -118.1257407 33.9348914, -118.1249872 33.934484, -118.1243217 33.9353658, -118.1242879 33.9354313, -118.1243014 33.9354856, -118.1243409 33.9355315, -118.1248966 33.9358045, -118.1249988 33.9359306, -118.1295434 33.9380878))","JCPenney, 332 Stonewood St, Downey",,,,,,,,,,,,,,,,,,,,,,,,,,,
way,875664459,"[8150442254, 8150442255, 8150442256, 8150442257, 8150442258, 8150442259, 8150442260, 8150442261, 8150442262, 8150442263, 8150442264, 8150442265, 8150442266, 8150442267, 8150442254]",commercial,"POLYGON ((-118.1237977 33.9353298, -118.1238377 33.9353324, -118.1238853 33.9353247, -118.1241971 33.9348609, -118.1246747 33.9343309, -118.1220162 33.932905, -118.1220807 33.9328132, -118.1202285 33.9318232, -118.1201686 33.9318996, -118.1168852 33.9301194, -118.1168923 33.931766, -118.1169079 33.9318085, -118.1169548 33.9318662, -118.117013 33.9319004, -118.1237977 33.9353298))","JCPenney, 332 Stonewood St, Downey",,,,,,,,,,,,,,,,,,,,,,,,,,,
way,875664461,"[8150442275, 8150442276, 8150442277, 8150442278, 8150442279, 8150442280, 8150442281, 8150442282, 8150442283, 8150442284, 8150442285, 8150442286, 8150442287, 8150442288, 8150442269, 8150442270, 8150442271, 8150442272, 8150442273, 8150442274, 8150442275]",commercial,"POLYGON ((-118.1144274 33.9287954, -118.1143753 33.9287709, -118.1125387 33.929364, -118.1124576 33.9294057, -118.112421 33.929455, -118.1124072 33.9295091, -118.1124152 33.9295898, -118.1124484 33.929642, -118.112509 33.9296989, -118.1164109 33.931634, -118.1164482 33.9316379, -118.116493 33.9316262, -118.1165425 33.9316022, -118.1165593 33.9315658, -118.1165556 33.9306423, -118.1162312 33.9304637, -118.1160038 33.9308486, -118.114045 33.9298769, -118.1139822 33.9299626, -118.1137166 33.9298497, -118.1144274 33.9287954))","JCPenney, 332 Stonewood St, Downey",,,,,,,,,,,,,,,,,,,,,,,,,,,
way,875664462,"[8150442289, 8150442290, 8150442291, 8150442292, 8150442293, 8150473170, 8150473169, 8150473168, 8150473156, 8150442294, 8150442295, 8150442296, 8150442297, 8150442298, 8150442299, 8150442300, 8150442301, 8150442302, 8150442289]",commercial,"POLYGON ((-118.1173374 33.9329367, -118.1167495 33.9326592, -118.1167593 33.9326469, -118.1164924 33.9325071, -118.1163559 33.9326918, -118.1157079 33.9323838, -118.1156928 33.9324047, -118.1147684 33.9319464, -118.1147915 33.9319125, -118.1140953 33.9315653, -118.1142159 33.9313938, -118.1136145 33.9310948, -118.1138543 33.9307612, -118.1138912 33.930753, -118.1139318 33.930752, -118.1154409 33.9314908, -118.1175108 33.9325194, -118.11756 33.9326296, -118.1173374 33.9329367))","JCPenney, 332 Stonewood St, Downey",,,,,,,,,,,,,,,,,,,,,,,,,,,
way,875664463,"[8150442303, 8150442304, 4567941958, 4567941946, 8150442305, 8150442306, 8150442307, 8150473171, 8150442308, 8150442309, 8150442310, 8150442312, 8150442313, 8150442314, 8150442315, 8150442316, 8150442317, 8150442318, 8150442319, 8150442320, 8150442303]",commercial,"POLYGON ((-118.109256 33.9281038, -118.1089381 33.9282902, -118.1083301 33.9295008, -118.1084534 33.9295275, -118.1103016 33.9304593, -118.1109079 33.9295891, -118.1112849 33.9297946, -118.1114706 33.929898, -118.1118306 33.930097, -118.1112188 33.9309348, -118.1120005 33.9313338, -118.1123856 33.9307875, -118.1126632 33.9309333, -118.112765 33.9307832, -118.113063 33.9309428, -118.1128873 33.9311889, -118.113203 33.9313347, -118.113692 33.9306829, -118.1136563 33.9306121, -118.1117286 33.9296127, -118.109256 33.9281038))","JCPenney, 332 Stonewood St, Downey",,,,,,,,,,,,,,,,,,,,,,,,,,,
way,875681767,"[8150630040, 8150630041, 8150630042, 8150630043, 8150630044, 8150630045, 8150630040]",commercial,"POLYGON ((-118.129842 33.9455293, -118.1294031 33.9452994, -118.1296652 33.9449167, -118.1299209 33.9450405, -118.1299475 33.9450696, -118.1299464 33.9451059, -118.129842 33.9455293))","JCPenney, 332 Stonewood St, Downey",,,,,,,,,,,,,,,,,,,,,,,,,,,
way,875681772,"[8150630095, 8150630100, 8150630101, 8150630102, 8150630103, 8150630104, 8150630105, 8150630106, 8150630107, 8150630108, 8150630096, 8150630109, 8150630110, 8150630095]",commercial,"POLYGON ((-118.1302611 33.9430004, -118.1304524 33.9430675, -118.1306007 33.9431488, -118.1306118 33.943196, -118.130604 33.9432339, -118.1303677 33.9436269, -118.1303343 33.9436518, -118.1302986 33.9436564, -118.1302752 33.9436481, -118.1299197 33.943478, -118.1297868 33.9434356, -118.1299663 33.9431948, -118.1300719 33.9432501, -118.1302611 33.9430004))","JCPenney, 332 Stonewood St, Downey",,,,,,,,,,,,,,,,,,,,,,,,,,,
way,875681774,"[8150640720, 8150640731, 8150640732, 8150640733, 8150640726, 8150640727, 8150640728, 8150640730, 8150640718, 8150640719, 8150640734, 8150640735, 8150640720]",commercial,"POLYGON ((-118.1310042 33.9426618, -118.1316345 33.9418722, -118.1316369 33.9418417, -118.1316274 33.9418093, -118.1304455 33.9411911, -118.1301648 33.9415277, -118.1302319 33.9415671, -118.1299895 33.9418904, -118.1305594 33.9421993, -118.1304481 33.9423463, -118.1308582 33.9425604, -118.130846 33.942577, -118.1310042 33.9426618))","JCPenney, 332 Stonewood St, Downey",,,,,,,,,,,,,,,,,,,,,,,,,,,
way,875681776,"[8150640738, 8150640787, 8150640791, 8150640788, 8150640795, 8150640739, 8150640790, 8150640789, 8150640740, 8150640741, 8150640742, 8150640743, 8150640827, 8150640826, 8150640744, 8150640745, 8150640746, 8150640821, 8150640820, 8150640747, 8150640748, 8150640749, 8150640750, 8150640818, 8150640819, 8150640738]",commercial,"POLYGON ((-118.1313673 33.9403443, -118.1318434 33.9405867, -118.1317425 33.940708, -118.1311968 33.9414084, -118.131381 33.9415072, -118.1317479 33.9417076, -118.1317872 33.9417024, -118.1318211 33.9416834, -118.1324485 33.9408633, -118.1329419 33.9402043, -118.1329426 33.9401829, -118.132932 33.9401603, -118.1327539 33.9400639, -118.1325918 33.9399761, -118.1314509 33.9393581, -118.1314056 33.9393569, -118.1313759 33.9393687, -118.1312763 33.9395024, -118.1313012 33.9395152, -118.1311732 33.9396981, -118.1314958 33.9398653, -118.1314716 33.9399034, -118.1315959 33.9399739, -118.1315141 33.9400809, -118.1315568 33.9401064, -118.1313673 33.9403443))","JCPenney, 332 Stonewood St, Downey",,,,,,,,,,,,,,,,,,,,,,,,,,,
way,875681790,"[8150640844, 8150640845, 8150640846, 8150640847, 8150640848, 8150640838, 8150640839, 8150640849, 8150640759, 8150640758, 8150640850, 8150640851, 8150640854, 8150640853, 8150640852, 8150640844]",commercial,"POLYGON ((-118.1292264 33.9389583, -118.1295926 33.9384768, -118.1296251 33.9384725, -118.1296562 33.9384833, -118.1311868 33.9392534, -118.1311992 33.9392944, -118.1310941 33.9394277, -118.1306213 33.9400466, -118.130426 33.9399408, -118.1300206 33.9397241, -118.1299917 33.9397637, -118.1298351 33.9396567, -118.1297541 33.9395474, -118.1295891 33.9394352, -118.1291241 33.9391714, -118.1292264 33.9389583))","JCPenney, 332 Stonewood St, Downey",,,,,,,,,,,,,,,,,,,,,,,,,,,
way,875681792,"[8150640860, 8150640861, 8150640862, 8150640863, 8150640864, 8150640865, 8150640866, 8150640867, 8150640868, 8150640869, 8150640870, 8150640871, 8150640872, 8150640860]",commercial,"POLYGON ((-118.1319944 33.94297, -118.1319684 33.9429808, -118.1319387 33.9429815, -118.1312964 33.9426512, -118.1312779 33.9426197, -118.1312714 33.9425927, -118.1312788 33.942575, -118.1314273 33.9423725, -118.131509 33.9423579, -118.1318389 33.9419441, -118.1325135 33.9422998, -118.1325265 33.9423142, -118.1325297 33.9423438, -118.1319944 33.94297))","JCPenney, 332 Stonewood St, Downey",,,,,,,,,,,,,,,,,,,,,,,,,,,
way,875681793,"[8150640873, 8150640874, 8150640875, 8150640876, 8150640877, 8150640878, 8150640873]",commercial,"POLYGON ((-118.1332189 33.9414939, -118.1326668 33.942156, -118.1326464 33.9421631, -118.1326268 33.9421657, -118.1319714 33.9418155, -118.1325149 33.9411151, -118.1332189 33.9414939))","JCPenney, 332 Stonewood St, Downey",,,,,,,,,,,,,,,,,,,,,,,,,,,
way,875681807,"[8150640946, 8150640965, 8150640947, 8150640948, 8150640949, 8150640946]",commercial,"POLYGON ((-118.1309196 33.9431806, -118.1309529 33.9431979, -118.1312034 33.9433273, -118.1315072 33.9429384, -118.1312122 33.9427779, -118.1309196 33.9431806))","JCPenney, 332 Stonewood St, Downey",,,,,,,,,,,,,,,,,,,,,,,,,,,
way,875681810,"[8150640966, 8150640967, 8150640968, 8150640969, 8150640970, 8150640971, 8150640972, 8150640973, 8150640966]",commercial,"POLYGON ((-118.131419 33.9438751, -118.1318578 33.9441156, -118.1321188 33.9437747, -118.1325175 33.9439783, -118.132783 33.9436346, -118.1320366 33.9432329, -118.1320122 33.9432329, -118.1319799 33.9432412, -118.131419 33.9438751))","JCPenney, 332 Stonewood St, Downey",,,,,,,,,,,,,,,,,,,,,,,,,,,
way,1109128526,"[10148294965, 10148294966, 10148294967, 10148294968, 10148294969, 10148294970, 10148294953, 10148294954, 10148294955, 10148294956, 10148294957, 10148294958, 10148294959, 10148294960, 10148294961, 10148294962, 10148294971, 10148294965]",commercial,"POLYGON ((-118.3434291 34.1923667, -118.3434267 34.1920969, -118.343378 34.1920466, -118.33822 34.191964, -118.338147 34.1919781, -118.3381202 34.1920224, -118.3381202 34.1924895, -118.3412286 34.192562, -118.3413698 34.192562, -118.341382 34.1923949, -118.341842 34.1924009, -118.3418542 34.1925681, -118.3424384 34.1925862, -118.3424481 34.192407, -118.3429496 34.1924191, -118.3429301 34.192711, -118.3434315 34.1927142, -118.3434291 34.1923667))","Target, 1800 Empire Ave, Burbank",,,,,,,,,,,,,,,,,,,,,,,,,,,
way,1134342295,"[10575161610, 10575161615, 10575161614, 10575161613, 10575161612, 10575161611, 10575161610]",commercial,"POLYGON ((-118.3389488 34.1979632, -118.3380696 34.1974165, -118.3380534 34.1972509, -118.3384768 34.1972544, -118.3384697 34.1975421, -118.3389458 34.1975515, -118.3389488 34.1979632))","Target, 1800 Empire Ave, Burbank",,,,,,,,,,,,,,,,,,,,,,,,,,,
way,1109127571,"[10148288817, 10587502166, 10148288818, 10587502175, 10148288819, 10148288820, 10148288821, 10148288822, 10148288817]",commercial,"POLYGON ((-118.3172455 34.1890417, -118.3182171 34.1880597, -118.3182246 34.1880227, -118.3161141 34.1864662, -118.3160802 34.1864669, -118.3155494 34.1869757, -118.3162547 34.1874488, -118.3156997 34.1879594, -118.3172455 34.1890417))","Walmart Supercenter, 1301 N Victory Pl, Burbank",,,,,,,,,,,,,,,,,,,,,,,,,,,
way,257317974,"[5536823179, 5536823180, 2628807541, 2628807542, 2628807539, 5536823178, 5536823177, 2628807540, 5536823176, 5536823179]",commercial,"POLYGON ((-118.5109747 34.4151195, -118.511273 34.4149987, -118.5118728 34.4148713, -118.5122035 34.4159921, -118.5112136 34.4164884, -118.5108877 34.4152454, -118.5108902 34.415207, -118.5109068 34.415171, -118.5109359 34.4151409, -118.5109747 34.4151195))","Walmart Supercenter, 26471 Carl Boyer Dr, Santa Clarita",,,Mountasia Family Fun Center,,,,,,,,,,,,Santa Clarita,21516,,Golden Triangle Rd,https://www.mountasiafuncenter.com/,,,,,,91350,(661) 253-4386,
way,844605500,"[7879118355, 7879118354, 7879118353, 7879118352, 7879118351, 7879118350, 7879118349, 7879118348, 7879118347, 7879118346, 7879088768, 7879118345, 7879118344, 7879118343, 1485473739, 7879088774, 1485473740, 1485473755, 1485473942, 1485474017, 7879118357, 1485474645, 1485474702, 7879118356, 1485474893, 1485474814, 1485474901, 7879118355]",commercial,"POLYGON ((-118.5481286 34.4196453, -118.5479274 34.4202642, -118.5475465 34.4208846, -118.5464157 34.4203182, -118.5457838 34.4199969, -118.5451443 34.4196623, -118.5442141 34.4193154, -118.5431466 34.4191605, -118.5422669 34.4191711, -118.541606 34.4156875, -118.5414601 34.4149935, -118.5414945 34.4147664, -118.5414023 34.4141391, -118.5413871 34.4139643, -118.5415504 34.4138788, -118.5416169 34.4138742, -118.5432624 34.4143167, -118.5434641 34.4146279, -118.5433504 34.4156023, -118.5440173 34.4160468, -118.5446117 34.4175639, -118.544955 34.4182189, -118.544778 34.4184472, -118.545332 34.4187828, -118.545809 34.4191854, -118.5466022 34.4189126, -118.5467951 34.4192169, -118.5481286 34.4196453))","Kohl's, 24200 Valencia Blvd, Valencia",,,,,,,,,,,,,,,,,,,,,,,,,,,
way,844605501,"[7879118361, 7879118360, 7879118359, 7879118358, 1485474939, 1485474973, 7846090598, 7846090593, 1485475038, 1485475140, 1485475163, 1485475249, 7825132108, 7825132109, 7825132086, 7825132087, 7825132088, 2411280877, 7825132089, 7879118361]",commercial,"POLYGON ((-118.5489008 34.4214588, -118.5486667 34.4213707, -118.5479565 34.4210893, -118.5481861 34.4207114, -118.5484943 34.4199314, -118.5488647 34.4201164, -118.5494961 34.4202203, -118.549693 34.4202283, -118.549926 34.4203209, -118.5503448 34.4205556, -118.550357 34.4206283, -118.5497754 34.4215549, -118.549744 34.4215669, -118.5497156 34.4215235, -118.5495467 34.4214589, -118.5493125 34.4215179, -118.5492063 34.4214836, -118.5491837 34.4215229, -118.548915 34.4214263, -118.5489008 34.4214588))","Kohl's, 24200 Valencia Blvd, Valencia",,,,,,,,,,,,,,,,,,,,,,,,,,,
way,1098430703,"[10057509204, 10057509213, 6958505991, 10057509205, 10057509214, 10057509206, 10057509204]",commercial,"POLYGON ((-118.5546135 34.4141592, -118.5547429 34.4140251, -118.5548329 34.4138093, -118.5545447 34.4137314, -118.5544484 34.4139193, -118.5544147 34.4140734, -118.5546135 34.4141592))","Kohl's, 24200 Valencia Blvd, Valencia",,,Site 1,,,,,,,,,,,,,,,,,,,,,,,,Parking Lot
way,1074690475,"[9857088896, 6110406578, 6110406572, 9857088897, 9857088898, 9857088899, 9857088900, 9857088901, 9857088902, 9857088903, 9857088904, 9857088896]",commercial,"POLYGON ((-118.5534046 34.2348752, -118.5528312 34.2348715, -118.552835 34.2353496, -118.5533517 34.2353494, -118.5533649 34.2353475, -118.5533766 34.2353422, -118.553388 34.2353347, -118.5533962 34.2353257, -118.553401 34.2353154, -118.5534035 34.2353072, -118.5534048 34.2352937, -118.5534046 34.2348752))","JCPenney, 9301 Tampa Ave, Northridge",,,,,,,,,,,,,,,,,,,,,,,,,,,
way,1137206621,"[10600903855, 10600903856, 10861468727, 10600903857, 10861468728, 10600903858, 10600903855]",commercial,"POLYGON ((-118.5621593 34.2375568, -118.5621447 34.2356747, -118.5620906 34.235633, -118.5598822 34.2356318, -118.5599023 34.2358343, -118.5599296 34.2375771, -118.5621593 34.2375568))","JCPenney, 9301 Tampa Ave, Northridge",,,,,,,,,,,,,,,,,,,,,,,,,,,
way,875664459,"[8150442254, 8150442255, 8150442256, 8150442257, 8150442258, 8150442259, 8150442260, 8150442261, 8150442262, 8150442263, 8150442264, 8150442265, 8150442266, 8150442267, 8150442254]",commercial,"POLYGON ((-118.1237977 33.9353298, -118.1238377 33.9353324, -118.1238853 33.9353247, -118.1241971 33.9348609, -118.1246747 33.9343309, -118.1220162 33.932905, -118.1220807 33.9328132, -118.1202285 33.9318232, -118.1201686 33.9318996, -118.1168852 33.9301194, -118.1168923 33.931766, -118.1169079 33.9318085, -118.1169548 33.9318662, -118.117013 33.9319004, -118.1237977 33.9353298))","Walmart Supercenter, 9001 Apollo Way, Downey",,,,,,,,,,,,,,,,,,,,,,,,,,,
way,876407157,"[5749101871, 3559809496, 8156702363, 3559809492, 8156702364, 8156702365, 8156702366, 8156702367, 8156702368, 8156702369, 8156702370, 8156702371, 8156702372, 8156702373, 8156702374, 8156702375, 8156702376, 8156702377, 8156702378, 8156702379, 8156702380, 8156702381, 8156702382, 8156702383, 8156702384, 8156702385, 5749101859, 8156702358, 5749101860, 5749101861, 5749101862, 5749101863, 5749101868, 5749101869, 3559809494, 3559809495, 5749101870, 8156702360, 5749101871]",commercial,"POLYGON ((-118.1274279 33.924939, -118.1265229 33.9249371, -118.1256295 33.924927, -118.1256163 33.9249928, -118.1255987 33.9250844, -118.1255996 33.925803, -118.1256397 33.9261057, -118.1256387 33.9263056, -118.1256049 33.9265563, -118.1255988 33.9276066, -118.1256271 33.9276509, -118.1256691 33.927683, -118.125745 33.9276951, -118.1267629 33.9276965, -118.1279225 33.9276957, -118.128205 33.9276649, -118.1284051 33.9276659, -118.1285563 33.9276741, -118.1287044 33.9277081, -118.1292224 33.9278736, -118.1293135 33.9278942, -118.1293705 33.9278865, -118.1294151 33.9278597, -118.1294374 33.927834, -118.1308828 33.9259429, -118.1310631 33.925629, -118.1315681 33.9250622, -118.131428 33.9249934, -118.1312947 33.9249645, -118.1310238 33.9249617, -118.1302075 33.9250487, -118.130002 33.9251081, -118.1286276 33.9251714, -118.1275619 33.9251807, -118.1275646 33.9250675, -118.127567 33.9249877, -118.127511 33.9249874, -118.127511 33.9249392, -118.1274279 33.924939))","Walmart Supercenter, 9001 Apollo Way, Downey",,,Downey Landing,,,,,,,,,,,,,,,,,,,,,,,,
way,1167573339,"[3935687708, 10858302548, 10858302549, 10858302550, 10858302551, 10858302552, 10858302553, 10858302554, 10858302555, 10858302556, 10858302557, 3935687708]",commercial,"POLYGON ((-118.1252939 33.9160613, -118.1252724 33.9163621, -118.1252269 33.9165809, -118.125239 33.916821, -118.1252133 33.9168663, -118.1251709 33.9168914, -118.1250678 33.916904, -118.1237845 33.9169053, -118.1237512 33.9168726, -118.1237527 33.9167821, -118.1237406 33.9160708, -118.1252939 33.9160613))","Walmart Supercenter, 9001 Apollo Way, Downey",,,,,,,,,,,,,,,,,,,,,,,,,,,
way,1072444106,"[9839879128, 9839879129, 9839879130, 9839879131, 9839879132, 9839879133, 9839879134, 9839879135, 9839879136, 9839879137, 9839879138, 9839879139, 9839879140, 9839879141, 9839879142, 9839879143, 9839879144, 9839879145, 9839879146, 9839879147, 9839879148, 9839879149, 9839879128]",commercial,"POLYGON ((-118.8606039 34.281164, -118.8599921 34.2801452, -118.859754 34.2795085, -118.8595812 34.279304, -118.8595205 34.2796282, -118.8590488 34.2798134, -118.8586986 34.2798288, -118.8575451 34.2796668, -118.8572182 34.2797748, -118.8564336 34.2810135, -118.8561347 34.2812064, -118.8558452 34.2812681, -118.8554155 34.281299, -118.8552101 34.2812566, -118.855098 34.2812489, -118.8548738 34.2815653, -118.8555603 34.2821132, -118.857503 34.2812913, -118.8580588 34.282229, -118.8587453 34.2821672, -118.8598801 34.2817312, -118.8605946 34.2814264, -118.8606039 34.281164))","Kohl's, 872 New Los Angeles Ave, Moorpark",,,,,,,,,,,,,,,,,,,,,,,,,,,
